trade_id,timestamp,symbol,price,quantity,volume,price_change,synthetic_anomaly,anomaly_type,mahalanobis_distance,volume_zscore,flag_mahalanobis,flag_volume,is_anomaly,status,reason,interpretation
TRD-100063,2026-09-30 09:33:52.217,AUTO,65.95,2,131.9,-2.59,1,liquidity_vacuum,3.3504,-0.3065,True,False,True,POTENTIAL ANOMALY,Mahalanobis Distance,"Mahalanobis distance (3.35) substantially exceeds the configured anomaly threshold (3.0). Joint feature relationships (price, quantity, volume, price change) deviate significantly from the normal covariance structure."
TRD-100082,2026-09-30 09:34:43.338,TECH,182.48,2182,398171.36,-2.999,1,multivariate_break,4.6792,2.8525,True,False,True,POTENTIAL ANOMALY,Mahalanobis Distance,"Mahalanobis distance (4.68) substantially exceeds the configured anomaly threshold (3.0). Joint feature relationships (price, quantity, volume, price change) deviate significantly from the normal covariance structure."
TRD-100109,2026-09-30 09:36:17.316,AUTO,68.69,6583,452186.27,-0.054,1,volume_spike,9.9039,3.2811,True,True,True,POTENTIAL ANOMALY,Both,Trade exhibits both an elevated Mahalanobis distance (9.90 > 3.0) and an extreme volume spike (Z=3.28 > 3.0). This multivariate and volume divergence indicates potential irregular trading behavior.
TRD-100125,2026-09-30 09:37:04.102,TECH,182.55,2990,545824.5,-2.405,1,multivariate_break,4.9993,4.0243,True,True,True,POTENTIAL ANOMALY,Both,Trade exhibits both an elevated Mahalanobis distance (5.00 > 3.0) and an extreme volume spike (Z=4.02 > 3.0). This multivariate and volume divergence indicates potential irregular trading behavior.
TRD-100138,2026-09-30 09:37:41.226,AUTO,77.27,209,16149.43,8.774,1,price_shock,10.8791,-0.1794,True,False,True,POTENTIAL ANOMALY,Mahalanobis Distance,"Mahalanobis distance (10.88) substantially exceeds the configured anomaly threshold (3.0). Joint feature relationships (price, quantity, volume, price change) deviate significantly from the normal covariance structure."
TRD-100143,2026-09-30 09:37:55.981,BANK,46.09,11188,515654.92,-0.13,1,volume_spike,20.1954,3.7848,True,True,True,POTENTIAL ANOMALY,Both,Trade exhibits both an elevated Mahalanobis distance (20.20 > 3.0) and an extreme volume spike (Z=3.78 > 3.0). This multivariate and volume divergence indicates potential irregular trading behavior.
TRD-100151,2026-09-30 09:38:30.667,AUTO,80.22,2,160.44,2.957,1,liquidity_vacuum,3.7482,-0.3063,True,False,True,POTENTIAL ANOMALY,Mahalanobis Distance,"Mahalanobis distance (3.75) substantially exceeds the configured anomaly threshold (3.0). Joint feature relationships (price, quantity, volume, price change) deviate significantly from the normal covariance structure."
TRD-100153,2026-09-30 09:38:32.771,BANK,37.58,179,6726.82,-8.638,1,price_shock,10.752,-0.2542,True,False,True,POTENTIAL ANOMALY,Mahalanobis Distance,"Mahalanobis distance (10.75) substantially exceeds the configured anomaly threshold (3.0). Joint feature relationships (price, quantity, volume, price change) deviate significantly from the normal covariance structure."
TRD-100173,2026-09-30 09:39:36.679,PHARMA,133.49,5,667.45,-4.879,1,liquidity_vacuum,6.0529,-0.3023,True,False,True,POTENTIAL ANOMALY,Mahalanobis Distance,"Mahalanobis distance (6.05) substantially exceeds the configured anomaly threshold (3.0). Joint feature relationships (price, quantity, volume, price change) deviate significantly from the normal covariance structure."
TRD-100177,2026-09-30 09:39:49.525,TECH,182.77,11054,2020339.58,-0.07,1,volume_spike,15.9502,15.7265,True,True,True,POTENTIAL ANOMALY,Both,Trade exhibits both an elevated Mahalanobis distance (15.95 > 3.0) and an extreme volume spike (Z=15.73 > 3.0). This multivariate and volume divergence indicates potential irregular trading behavior.
TRD-100189,2026-09-30 09:40:13.002,ENERGY,93.08,2285,212687.8,2.542,1,multivariate_break,4.1071,1.3804,True,False,True,POTENTIAL ANOMALY,Mahalanobis Distance,"Mahalanobis distance (4.11) substantially exceeds the configured anomaly threshold (3.0). Joint feature relationships (price, quantity, volume, price change) deviate significantly from the normal covariance structure."
TRD-100212,2026-09-30 09:41:52.850,PHARMA,129.51,150,19426.5,-8.835,1,price_shock,10.9308,-0.1534,True,False,True,POTENTIAL ANOMALY,Mahalanobis Distance,"Mahalanobis distance (10.93) substantially exceeds the configured anomaly threshold (3.0). Joint feature relationships (price, quantity, volume, price change) deviate significantly from the normal covariance structure."
TRD-100297,2026-09-30 09:45:44.209,TECH,188.7,249,46986.3,6.237,1,price_shock,7.7827,0.0653,True,False,True,POTENTIAL ANOMALY,Mahalanobis Distance,"Mahalanobis distance (7.78) substantially exceeds the configured anomaly threshold (3.0). Joint feature relationships (price, quantity, volume, price change) deviate significantly from the normal covariance structure."
TRD-100340,2026-09-30 09:48:21.232,TECH,188.67,2637,497522.79,2.907,1,multivariate_break,5.2166,3.6409,True,True,True,POTENTIAL ANOMALY,Both,Trade exhibits both an elevated Mahalanobis distance (5.22 > 3.0) and an extreme volume spike (Z=3.64 > 3.0). This multivariate and volume divergence indicates potential irregular trading behavior.
TRD-100362,2026-09-30 09:49:35.686,TECH,188.28,5700,1073196.0,0.08,1,volume_spike,8.3514,8.2097,True,True,True,POTENTIAL ANOMALY,Both,Trade exhibits both an elevated Mahalanobis distance (8.35 > 3.0) and an extreme volume spike (Z=8.21 > 3.0). This multivariate and volume divergence indicates potential irregular trading behavior.
TRD-100363,2026-09-30 09:49:37.556,BANK,37.43,2587,96831.41,3.158,1,multivariate_break,5.9623,0.4609,True,False,True,POTENTIAL ANOMALY,Mahalanobis Distance,"Mahalanobis distance (5.96) substantially exceeds the configured anomaly threshold (3.0). Joint feature relationships (price, quantity, volume, price change) deviate significantly from the normal covariance structure."
TRD-100377,2026-09-30 09:50:08.782,AUTO,77.48,2204,170765.92,2.452,1,multivariate_break,4.1336,1.0477,True,False,True,POTENTIAL ANOMALY,Mahalanobis Distance,"Mahalanobis distance (4.13) substantially exceeds the configured anomaly threshold (3.0). Joint feature relationships (price, quantity, volume, price change) deviate significantly from the normal covariance structure."
TRD-100411,2026-09-30 09:51:26.211,BANK,37.35,6332,236500.2,-0.159,1,volume_spike,11.839,1.5694,True,False,True,POTENTIAL ANOMALY,Mahalanobis Distance,"Mahalanobis distance (11.84) substantially exceeds the configured anomaly threshold (3.0). Joint feature relationships (price, quantity, volume, price change) deviate significantly from the normal covariance structure."
TRD-100433,2026-09-30 09:52:26.874,TECH,188.76,8715,1645043.4,-0.234,1,volume_spike,13.0108,12.7481,True,True,True,POTENTIAL ANOMALY,Both,Trade exhibits both an elevated Mahalanobis distance (13.01 > 3.0) and an extreme volume spike (Z=12.75 > 3.0). This multivariate and volume divergence indicates potential irregular trading behavior.
TRD-100441,2026-09-30 09:52:41.032,BANK,32.81,1,32.81,-4.536,1,liquidity_vacuum,5.7973,-0.3073,True,False,True,POTENTIAL ANOMALY,Mahalanobis Distance,"Mahalanobis distance (5.80) substantially exceeds the configured anomaly threshold (3.0). Joint feature relationships (price, quantity, volume, price change) deviate significantly from the normal covariance structure."
TRD-100462,2026-09-30 09:54:09.548,TECH,188.75,2942,555302.5,-2.237,1,multivariate_break,4.9756,4.0995,True,True,True,POTENTIAL ANOMALY,Both,Trade exhibits both an elevated Mahalanobis distance (4.98 > 3.0) and an extreme volume spike (Z=4.10 > 3.0). This multivariate and volume divergence indicates potential irregular trading behavior.
TRD-100510,2026-09-30 09:56:09.589,BANK,37.36,7483,279564.88,-0.058,1,volume_spike,14.1101,1.9112,True,False,True,POTENTIAL ANOMALY,Mahalanobis Distance,"Mahalanobis distance (14.11) substantially exceeds the configured anomaly threshold (3.0). Joint feature relationships (price, quantity, volume, price change) deviate significantly from the normal covariance structure."
TRD-100526,2026-09-30 09:56:41.740,AUTO,77.67,1954,151767.18,3.106,1,multivariate_break,4.5541,0.8969,True,False,True,POTENTIAL ANOMALY,Mahalanobis Distance,"Mahalanobis distance (4.55) substantially exceeds the configured anomaly threshold (3.0). Joint feature relationships (price, quantity, volume, price change) deviate significantly from the normal covariance structure."
TRD-100551,2026-09-30 09:57:45.814,PHARMA,129.25,2519,325580.75,3.169,1,multivariate_break,4.7403,2.2764,True,False,True,POTENTIAL ANOMALY,Mahalanobis Distance,"Mahalanobis distance (4.74) substantially exceeds the configured anomaly threshold (3.0). Joint feature relationships (price, quantity, volume, price change) deviate significantly from the normal covariance structure."
TRD-100600,2026-09-30 10:00:01.329,TECH,188.81,2081,392913.61,-3.142,1,multivariate_break,4.8176,2.8107,True,False,True,POTENTIAL ANOMALY,Mahalanobis Distance,"Mahalanobis distance (4.82) substantially exceeds the configured anomaly threshold (3.0). Joint feature relationships (price, quantity, volume, price change) deviate significantly from the normal covariance structure."
TRD-100621,2026-09-30 10:00:55.158,PHARMA,133.39,90,12005.1,3.874,1,price_shock,4.807,-0.2123,True,False,True,POTENTIAL ANOMALY,Mahalanobis Distance,"Mahalanobis distance (4.81) substantially exceeds the configured anomaly threshold (3.0). Joint feature relationships (price, quantity, volume, price change) deviate significantly from the normal covariance structure."
TRD-100653,2026-09-30 10:02:20.201,PHARMA,137.61,118,16237.98,4.187,1,price_shock,5.194,-0.1787,True,False,True,POTENTIAL ANOMALY,Mahalanobis Distance,"Mahalanobis distance (5.19) substantially exceeds the configured anomaly threshold (3.0). Joint feature relationships (price, quantity, volume, price change) deviate significantly from the normal covariance structure."
TRD-100700,2026-09-30 10:04:22.528,PHARMA,137.49,10234,1407072.66,0.033,1,volume_spike,11.9219,10.8594,True,True,True,POTENTIAL ANOMALY,Both,Trade exhibits both an elevated Mahalanobis distance (11.92 > 3.0) and an extreme volume spike (Z=10.86 > 3.0). This multivariate and volume divergence indicates potential irregular trading behavior.
TRD-100707,2026-09-30 10:04:35.639,PHARMA,137.59,7592,1044583.28,0.13,1,volume_spike,8.7464,7.9826,True,True,True,POTENTIAL ANOMALY,Both,Trade exhibits both an elevated Mahalanobis distance (8.75 > 3.0) and an extreme volume spike (Z=7.98 > 3.0). This multivariate and volume divergence indicates potential irregular trading behavior.
TRD-100745,2026-09-30 10:06:39.177,ENERGY,95.95,5,479.75,3.235,1,liquidity_vacuum,4.0493,-0.3038,True,False,True,POTENTIAL ANOMALY,Mahalanobis Distance,"Mahalanobis distance (4.05) substantially exceeds the configured anomaly threshold (3.0). Joint feature relationships (price, quantity, volume, price change) deviate significantly from the normal covariance structure."
TRD-100779,2026-09-30 10:08:48.175,ENERGY,86.92,146,12690.32,-5.89,1,price_shock,7.3044,-0.2069,True,False,True,POTENTIAL ANOMALY,Mahalanobis Distance,"Mahalanobis distance (7.30) substantially exceeds the configured anomaly threshold (3.0). Joint feature relationships (price, quantity, volume, price change) deviate significantly from the normal covariance structure."
TRD-100786,2026-09-30 10:09:18.205,ENERGY,91.19,2,182.38,4.266,1,liquidity_vacuum,5.3213,-0.3061,True,False,True,POTENTIAL ANOMALY,Mahalanobis Distance,"Mahalanobis distance (5.32) substantially exceeds the configured anomaly threshold (3.0). Joint feature relationships (price, quantity, volume, price change) deviate significantly from the normal covariance structure."
TRD-100837,2026-09-30 10:11:39.136,PHARMA,137.92,6901,951785.92,-0.097,1,volume_spike,7.9145,7.2461,True,True,True,POTENTIAL ANOMALY,Both,Trade exhibits both an elevated Mahalanobis distance (7.91 > 3.0) and an extreme volume spike (Z=7.25 > 3.0). This multivariate and volume divergence indicates potential irregular trading behavior.
TRD-100878,2026-09-30 10:14:09.896,BANK,41.08,210,8626.8,3.653,1,price_shock,4.6785,-0.2391,True,False,True,POTENTIAL ANOMALY,Mahalanobis Distance,"Mahalanobis distance (4.68) substantially exceeds the configured anomaly threshold (3.0). Joint feature relationships (price, quantity, volume, price change) deviate significantly from the normal covariance structure."
TRD-100932,2026-09-30 10:16:56.848,BANK,41.06,2008,82448.48,-1.957,1,multivariate_break,4.107,0.3468,True,False,True,POTENTIAL ANOMALY,Mahalanobis Distance,"Mahalanobis distance (4.11) substantially exceeds the configured anomaly threshold (3.0). Joint feature relationships (price, quantity, volume, price change) deviate significantly from the normal covariance structure."
TRD-101007,2026-09-30 10:20:38.654,PHARMA,138.02,2540,350570.8,-2.079,1,multivariate_break,3.6822,2.4747,True,False,True,POTENTIAL ANOMALY,Mahalanobis Distance,"Mahalanobis distance (3.68) substantially exceeds the configured anomaly threshold (3.0). Joint feature relationships (price, quantity, volume, price change) deviate significantly from the normal covariance structure."
TRD-101030,2026-09-30 10:21:22.453,TECH,187.7,9295,1744671.5,0.069,1,volume_spike,13.8058,13.5387,True,True,True,POTENTIAL ANOMALY,Both,Trade exhibits both an elevated Mahalanobis distance (13.81 > 3.0) and an extreme volume spike (Z=13.54 > 3.0). This multivariate and volume divergence indicates potential irregular trading behavior.
TRD-101033,2026-09-30 10:21:39.813,PHARMA,135.24,5,676.2,-2.807,1,liquidity_vacuum,3.5037,-0.3022,True,False,True,POTENTIAL ANOMALY,Mahalanobis Distance,"Mahalanobis distance (3.50) substantially exceeds the configured anomaly threshold (3.0). Joint feature relationships (price, quantity, volume, price change) deviate significantly from the normal covariance structure."
TRD-101051,2026-09-30 10:22:25.782,PHARMA,138.06,8327,1149625.62,0.027,1,volume_spike,9.6347,8.8163,True,True,True,POTENTIAL ANOMALY,Both,Trade exhibits both an elevated Mahalanobis distance (9.63 > 3.0) and an extreme volume spike (Z=8.82 > 3.0). This multivariate and volume divergence indicates potential irregular trading behavior.
TRD-101077,2026-09-30 10:24:08.555,PHARMA,138.15,2353,325066.95,-2.648,1,multivariate_break,4.0616,2.2723,True,False,True,POTENTIAL ANOMALY,Mahalanobis Distance,"Mahalanobis distance (4.06) substantially exceeds the configured anomaly threshold (3.0). Joint feature relationships (price, quantity, volume, price change) deviate significantly from the normal covariance structure."
TRD-101084,2026-09-30 10:24:24.156,ENERGY,90.54,5,452.7,3.558,1,liquidity_vacuum,4.4543,-0.304,True,False,True,POTENTIAL ANOMALY,Mahalanobis Distance,"Mahalanobis distance (4.45) substantially exceeds the configured anomaly threshold (3.0). Joint feature relationships (price, quantity, volume, price change) deviate significantly from the normal covariance structure."
TRD-101110,2026-09-30 10:25:42.501,PHARMA,131.45,337,44298.65,-6.67,1,price_shock,8.2486,0.044,True,False,True,POTENTIAL ANOMALY,Mahalanobis Distance,"Mahalanobis distance (8.25) substantially exceeds the configured anomaly threshold (3.0). Joint feature relationships (price, quantity, volume, price change) deviate significantly from the normal covariance structure."
TRD-101122,2026-09-30 10:26:16.901,TECH,188.17,5133,965876.61,0.031,1,volume_spike,7.4783,7.358,True,True,True,POTENTIAL ANOMALY,Both,Trade exhibits both an elevated Mahalanobis distance (7.48 > 3.0) and an extreme volume spike (Z=7.36 > 3.0). This multivariate and volume divergence indicates potential irregular trading behavior.
TRD-101169,2026-09-30 10:29:16.336,AUTO,78.03,2835,221215.05,-2.113,1,multivariate_break,4.5288,1.4481,True,False,True,POTENTIAL ANOMALY,Mahalanobis Distance,"Mahalanobis distance (4.53) substantially exceeds the configured anomaly threshold (3.0). Joint feature relationships (price, quantity, volume, price change) deviate significantly from the normal covariance structure."
TRD-101208,2026-09-30 10:31:04.739,TECH,196.24,231,45331.44,8.307,1,price_shock,10.3378,0.0522,True,False,True,POTENTIAL ANOMALY,Mahalanobis Distance,"Mahalanobis distance (10.34) substantially exceeds the configured anomaly threshold (3.0). Joint feature relationships (price, quantity, volume, price change) deviate significantly from the normal covariance structure."
TRD-101244,2026-09-30 10:33:02.111,TECH,200.51,259,51932.09,4.522,1,price_shock,5.7186,0.1046,True,False,True,POTENTIAL ANOMALY,Mahalanobis Distance,"Mahalanobis distance (5.72) substantially exceeds the configured anomaly threshold (3.0). Joint feature relationships (price, quantity, volume, price change) deviate significantly from the normal covariance structure."
TRD-101250,2026-09-30 10:33:22.462,TECH,200.54,2508,502954.32,2.156,1,multivariate_break,4.7247,3.684,True,True,True,POTENTIAL ANOMALY,Both,Trade exhibits both an elevated Mahalanobis distance (4.72 > 3.0) and an extreme volume spike (Z=3.68 > 3.0). This multivariate and volume divergence indicates potential irregular trading behavior.
TRD-101277,2026-09-30 10:34:32.694,TECH,195.71,158,30922.18,-4.567,1,price_shock,5.7651,-0.0622,True,False,True,POTENTIAL ANOMALY,Mahalanobis Distance,"Mahalanobis distance (5.77) substantially exceeds the configured anomaly threshold (3.0). Joint feature relationships (price, quantity, volume, price change) deviate significantly from the normal covariance structure."
TRD-101279,2026-09-30 10:34:38.544,AUTO,78.02,2159,168445.18,2.635,1,multivariate_break,4.2538,1.0293,True,False,True,POTENTIAL ANOMALY,Mahalanobis Distance,"Mahalanobis distance (4.25) substantially exceeds the configured anomaly threshold (3.0). Joint feature relationships (price, quantity, volume, price change) deviate significantly from the normal covariance structure."
TRD-101311,2026-09-30 10:35:51.288,BANK,40.91,8914,364671.74,0.026,1,volume_spike,16.5342,2.5866,True,False,True,POTENTIAL ANOMALY,Mahalanobis Distance,"Mahalanobis distance (16.53) substantially exceeds the configured anomaly threshold (3.0). Joint feature relationships (price, quantity, volume, price change) deviate significantly from the normal covariance structure."
TRD-101368,2026-09-30 10:39:04.389,ENERGY,87.27,5197,453542.19,0.005,1,volume_spike,6.7956,3.2919,True,True,True,POTENTIAL ANOMALY,Both,Trade exhibits both an elevated Mahalanobis distance (6.80 > 3.0) and an extreme volume spike (Z=3.29 > 3.0). This multivariate and volume divergence indicates potential irregular trading behavior.
TRD-101371,2026-09-30 10:39:11.833,TECH,195.51,11256,2200660.56,0.007,1,volume_spike,17.7426,17.1576,True,True,True,POTENTIAL ANOMALY,Both,Trade exhibits both an elevated Mahalanobis distance (17.74 > 3.0) and an extreme volume spike (Z=17.16 > 3.0). This multivariate and volume divergence indicates potential irregular trading behavior.
TRD-101399,2026-09-30 10:40:53.268,TECH,203.83,208,42396.64,8.11,1,price_shock,10.1083,0.0289,True,False,True,POTENTIAL ANOMALY,Mahalanobis Distance,"Mahalanobis distance (10.11) substantially exceeds the configured anomaly threshold (3.0). Joint feature relationships (price, quantity, volume, price change) deviate significantly from the normal covariance structure."
TRD-101444,2026-09-30 10:42:50.477,AUTO,78.03,2253,175801.59,-2.033,1,multivariate_break,3.7949,1.0877,True,False,True,POTENTIAL ANOMALY,Mahalanobis Distance,"Mahalanobis distance (3.79) substantially exceeds the configured anomaly threshold (3.0). Joint feature relationships (price, quantity, volume, price change) deviate significantly from the normal covariance structure."
TRD-101446,2026-09-30 10:42:56.823,ENERGY,80.32,121,9718.72,-6.933,1,price_shock,8.599,-0.2304,True,False,True,POTENTIAL ANOMALY,Mahalanobis Distance,"Mahalanobis distance (8.60) substantially exceeds the configured anomaly threshold (3.0). Joint feature relationships (price, quantity, volume, price change) deviate significantly from the normal covariance structure."
TRD-101503,2026-09-30 10:46:13.717,BANK,41.2,2823,116307.6,2.506,1,multivariate_break,5.7364,0.6155,True,False,True,POTENTIAL ANOMALY,Mahalanobis Distance,"Mahalanobis distance (5.74) substantially exceeds the configured anomaly threshold (3.0). Joint feature relationships (price, quantity, volume, price change) deviate significantly from the normal covariance structure."
TRD-101506,2026-09-30 10:46:21.512,BANK,45.79,2,91.58,4.586,1,liquidity_vacuum,5.825,-0.3068,True,False,True,POTENTIAL ANOMALY,Mahalanobis Distance,"Mahalanobis distance (5.83) substantially exceeds the configured anomaly threshold (3.0). Joint feature relationships (price, quantity, volume, price change) deviate significantly from the normal covariance structure."
TRD-101589,2026-09-30 10:50:26.299,TECH,199.5,1,199.5,-4.349,1,liquidity_vacuum,5.5358,-0.306,True,False,True,POTENTIAL ANOMALY,Mahalanobis Distance,"Mahalanobis distance (5.54) substantially exceeds the configured anomaly threshold (3.0). Joint feature relationships (price, quantity, volume, price change) deviate significantly from the normal covariance structure."
TRD-101620,2026-09-30 10:52:09.495,TECH,204.02,2366,482711.32,-2.798,1,multivariate_break,5.0473,3.5234,True,True,True,POTENTIAL ANOMALY,Both,Trade exhibits both an elevated Mahalanobis distance (5.05 > 3.0) and an extreme volume spike (Z=3.52 > 3.0). This multivariate and volume divergence indicates potential irregular trading behavior.
TRD-101622,2026-09-30 10:52:10.535,ENERGY,73.64,277,20398.28,-6.491,1,price_shock,8.0529,-0.1457,True,False,True,POTENTIAL ANOMALY,Mahalanobis Distance,"Mahalanobis distance (8.05) substantially exceeds the configured anomaly threshold (3.0). Joint feature relationships (price, quantity, volume, price change) deviate significantly from the normal covariance structure."
TRD-101680,2026-09-30 10:55:26.210,TECH,203.94,3000,611820.0,2.113,1,multivariate_break,5.4729,4.548,True,True,True,POTENTIAL ANOMALY,Both,Trade exhibits both an elevated Mahalanobis distance (5.47 > 3.0) and an extreme volume spike (Z=4.55 > 3.0). This multivariate and volume divergence indicates potential irregular trading behavior.
TRD-101694,2026-09-30 10:56:06.008,AUTO,69.18,392,27118.56,-8.745,1,price_shock,10.836,-0.0923,True,False,True,POTENTIAL ANOMALY,Mahalanobis Distance,"Mahalanobis distance (10.84) substantially exceeds the configured anomaly threshold (3.0). Joint feature relationships (price, quantity, volume, price change) deviate significantly from the normal covariance structure."
TRD-101763,2026-09-30 11:00:16.520,TECH,204.08,13815,2819365.2,-0.156,1,volume_spike,23.234,22.0679,True,True,True,POTENTIAL ANOMALY,Both,Trade exhibits both an elevated Mahalanobis distance (23.23 > 3.0) and an extreme volume spike (Z=22.07 > 3.0). This multivariate and volume divergence indicates potential irregular trading behavior.
TRD-101767,2026-09-30 11:00:30.638,TECH,201.08,5,1005.4,-2.917,1,liquidity_vacuum,3.8412,-0.2996,True,False,True,POTENTIAL ANOMALY,Mahalanobis Distance,"Mahalanobis distance (3.84) substantially exceeds the configured anomaly threshold (3.0). Joint feature relationships (price, quantity, volume, price change) deviate significantly from the normal covariance structure."
TRD-101817,2026-09-30 11:02:53.477,PHARMA,135.1,1,135.1,3.027,1,liquidity_vacuum,3.7729,-0.3065,True,False,True,POTENTIAL ANOMALY,Mahalanobis Distance,"Mahalanobis distance (3.77) substantially exceeds the configured anomaly threshold (3.0). Joint feature relationships (price, quantity, volume, price change) deviate significantly from the normal covariance structure."
TRD-101832,2026-09-30 11:03:34.804,TECH,208.54,97,20228.38,4.563,1,price_shock,5.8011,-0.147,True,False,True,POTENTIAL ANOMALY,Mahalanobis Distance,"Mahalanobis distance (5.80) substantially exceeds the configured anomaly threshold (3.0). Joint feature relationships (price, quantity, volume, price change) deviate significantly from the normal covariance structure."
TRD-101835,2026-09-30 11:03:41.733,TECH,208.38,7220,1504503.6,0.013,1,volume_spike,12.2961,11.6327,True,True,True,POTENTIAL ANOMALY,Both,Trade exhibits both an elevated Mahalanobis distance (12.30 > 3.0) and an extreme volume spike (Z=11.63 > 3.0). This multivariate and volume divergence indicates potential irregular trading behavior.
TRD-101850,2026-09-30 11:04:13.469,AUTO,60.44,254,15351.76,-8.91,1,price_shock,11.0512,-0.1857,True,False,True,POTENTIAL ANOMALY,Mahalanobis Distance,"Mahalanobis distance (11.05) substantially exceeds the configured anomaly threshold (3.0). Joint feature relationships (price, quantity, volume, price change) deviate significantly from the normal covariance structure."
TRD-101865,2026-09-30 11:04:50.229,BANK,35.09,88,3087.92,-6.16,1,price_shock,7.7341,-0.2831,True,False,True,POTENTIAL ANOMALY,Mahalanobis Distance,"Mahalanobis distance (7.73) substantially exceeds the configured anomaly threshold (3.0). Joint feature relationships (price, quantity, volume, price change) deviate significantly from the normal covariance structure."
TRD-101877,2026-09-30 11:05:41.169,TECH,203.37,2,406.74,-4.912,1,liquidity_vacuum,6.2277,-0.3043,True,False,True,POTENTIAL ANOMALY,Mahalanobis Distance,"Mahalanobis distance (6.23) substantially exceeds the configured anomaly threshold (3.0). Joint feature relationships (price, quantity, volume, price change) deviate significantly from the normal covariance structure."
TRD-101883,2026-09-30 11:05:56.393,BANK,35.01,3080,107830.8,-2.658,1,multivariate_break,6.4499,0.5482,True,False,True,POTENTIAL ANOMALY,Mahalanobis Distance,"Mahalanobis distance (6.45) substantially exceeds the configured anomaly threshold (3.0). Joint feature relationships (price, quantity, volume, price change) deviate significantly from the normal covariance structure."
TRD-101888,2026-09-30 11:06:11.811,TECH,208.38,4591,956672.58,0.07,1,volume_spike,7.6809,7.2849,True,True,True,POTENTIAL ANOMALY,Both,Trade exhibits both an elevated Mahalanobis distance (7.68 > 3.0) and an extreme volume spike (Z=7.28 > 3.0). This multivariate and volume divergence indicates potential irregular trading behavior.
TRD-101955,2026-09-30 11:09:34.871,BANK,34.83,10063,350494.29,-0.04,1,volume_spike,19.5462,2.4741,True,False,True,POTENTIAL ANOMALY,Mahalanobis Distance,"Mahalanobis distance (19.55) substantially exceeds the configured anomaly threshold (3.0). Joint feature relationships (price, quantity, volume, price change) deviate significantly from the normal covariance structure."
TRD-102024,2026-09-30 11:13:24.995,BANK,30.59,1,30.59,-4.398,1,liquidity_vacuum,5.6412,-0.3073,True,False,True,POTENTIAL ANOMALY,Mahalanobis Distance,"Mahalanobis distance (5.64) substantially exceeds the configured anomaly threshold (3.0). Joint feature relationships (price, quantity, volume, price change) deviate significantly from the normal covariance structure."
TRD-102031,2026-09-30 11:13:34.749,TECH,208.24,2082,433555.68,-3.059,1,multivariate_break,5.0334,3.1333,True,True,True,POTENTIAL ANOMALY,Both,Trade exhibits both an elevated Mahalanobis distance (5.03 > 3.0) and an extreme volume spike (Z=3.13 > 3.0). This multivariate and volume divergence indicates potential irregular trading behavior.
TRD-102070,2026-09-30 11:15:31.086,TECH,207.87,3171,659155.77,2.659,1,multivariate_break,6.1942,4.9237,True,True,True,POTENTIAL ANOMALY,Both,Trade exhibits both an elevated Mahalanobis distance (6.19 > 3.0) and an extreme volume spike (Z=4.92 > 3.0). This multivariate and volume divergence indicates potential irregular trading behavior.
TRD-102071,2026-09-30 11:15:33.068,TECH,215.05,382,82149.1,7.181,1,price_shock,8.9959,0.3444,True,False,True,POTENTIAL ANOMALY,Mahalanobis Distance,"Mahalanobis distance (9.00) substantially exceeds the configured anomaly threshold (3.0). Joint feature relationships (price, quantity, volume, price change) deviate significantly from the normal covariance structure."
TRD-102097,2026-09-30 11:16:43.793,PHARMA,132.33,11155,1476141.15,-0.241,1,volume_spike,12.971,11.4076,True,True,True,POTENTIAL ANOMALY,Both,Trade exhibits both an elevated Mahalanobis distance (12.97 > 3.0) and an extreme volume spike (Z=11.41 > 3.0). This multivariate and volume divergence indicates potential irregular trading behavior.
TRD-102135,2026-09-30 11:18:40.247,AUTO,60.41,3088,186546.08,-2.609,1,multivariate_break,5.643,1.1729,True,False,True,POTENTIAL ANOMALY,Mahalanobis Distance,"Mahalanobis distance (5.64) substantially exceeds the configured anomaly threshold (3.0). Joint feature relationships (price, quantity, volume, price change) deviate significantly from the normal covariance structure."
TRD-102146,2026-09-30 11:19:11.510,AUTO,57.8,5,289.0,-2.605,1,liquidity_vacuum,3.4031,-0.3053,True,False,True,POTENTIAL ANOMALY,Mahalanobis Distance,"Mahalanobis distance (3.40) substantially exceeds the configured anomaly threshold (3.0). Joint feature relationships (price, quantity, volume, price change) deviate significantly from the normal covariance structure."
TRD-102212,2026-09-30 11:22:23.517,BANK,34.9,5818,203048.2,-0.03,1,volume_spike,11.0053,1.3039,True,False,True,POTENTIAL ANOMALY,Mahalanobis Distance,"Mahalanobis distance (11.01) substantially exceeds the configured anomaly threshold (3.0). Joint feature relationships (price, quantity, volume, price change) deviate significantly from the normal covariance structure."
TRD-102217,2026-09-30 11:22:41.863,TECH,214.78,4876,1047267.28,-0.147,1,volume_spike,8.5525,8.0039,True,True,True,POTENTIAL ANOMALY,Both,Trade exhibits both an elevated Mahalanobis distance (8.55 > 3.0) and an extreme volume spike (Z=8.00 > 3.0). This multivariate and volume divergence indicates potential irregular trading behavior.
TRD-102226,2026-09-30 11:23:26.518,BANK,35.32,7326,258754.32,-0.255,1,volume_spike,13.996,1.746,True,False,True,POTENTIAL ANOMALY,Mahalanobis Distance,"Mahalanobis distance (14.00) substantially exceeds the configured anomaly threshold (3.0). Joint feature relationships (price, quantity, volume, price change) deviate significantly from the normal covariance structure."
TRD-102235,2026-09-30 11:23:57.906,AUTO,60.43,2701,163221.43,-2.579,1,multivariate_break,5.106,0.9878,True,False,True,POTENTIAL ANOMALY,Mahalanobis Distance,"Mahalanobis distance (5.11) substantially exceeds the configured anomaly threshold (3.0). Joint feature relationships (price, quantity, volume, price change) deviate significantly from the normal covariance structure."
TRD-102280,2026-09-30 11:26:19.575,ENERGY,66.51,202,13435.02,-7.209,1,price_shock,8.9499,-0.2009,True,False,True,POTENTIAL ANOMALY,Mahalanobis Distance,"Mahalanobis distance (8.95) substantially exceeds the configured anomaly threshold (3.0). Joint feature relationships (price, quantity, volume, price change) deviate significantly from the normal covariance structure."
TRD-102297,2026-09-30 11:27:27.508,PHARMA,138.24,329,45480.96,6.23,1,price_shock,7.7159,0.0534,True,False,True,POTENTIAL ANOMALY,Mahalanobis Distance,"Mahalanobis distance (7.72) substantially exceeds the configured anomaly threshold (3.0). Joint feature relationships (price, quantity, volume, price change) deviate significantly from the normal covariance structure."
TRD-102320,2026-09-30 11:28:21.991,TECH,214.49,10185,2184580.65,-0.218,1,volume_spike,18.2903,17.03,True,True,True,POTENTIAL ANOMALY,Both,Trade exhibits both an elevated Mahalanobis distance (18.29 > 3.0) and an extreme volume spike (Z=17.03 > 3.0). This multivariate and volume divergence indicates potential irregular trading behavior.
TRD-102331,2026-09-30 11:28:51.175,AUTO,64.67,292,18883.64,4.311,1,price_shock,5.3992,-0.1577,True,False,True,POTENTIAL ANOMALY,Mahalanobis Distance,"Mahalanobis distance (5.40) substantially exceeds the configured anomaly threshold (3.0). Joint feature relationships (price, quantity, volume, price change) deviate significantly from the normal covariance structure."
TRD-102345,2026-09-30 11:29:45.853,PHARMA,134.22,104,13958.88,-3.891,1,price_shock,4.8256,-0.1968,True,False,True,POTENTIAL ANOMALY,Mahalanobis Distance,"Mahalanobis distance (4.83) substantially exceeds the configured anomaly threshold (3.0). Joint feature relationships (price, quantity, volume, price change) deviate significantly from the normal covariance structure."
TRD-102363,2026-09-30 11:30:49.035,TECH,215.39,8805,1896508.95,-0.212,1,volume_spike,15.846,14.7438,True,True,True,POTENTIAL ANOMALY,Both,Trade exhibits both an elevated Mahalanobis distance (15.85 > 3.0) and an extreme volume spike (Z=14.74 > 3.0). This multivariate and volume divergence indicates potential irregular trading behavior.
TRD-102375,2026-09-30 11:31:32.678,ENERGY,70.03,2,140.06,3.432,1,liquidity_vacuum,4.3529,-0.3065,True,False,True,POTENTIAL ANOMALY,Mahalanobis Distance,"Mahalanobis distance (4.35) substantially exceeds the configured anomaly threshold (3.0). Joint feature relationships (price, quantity, volume, price change) deviate significantly from the normal covariance structure."
TRD-102389,2026-09-30 11:32:12.341,ENERGY,69.2,1,69.2,2.616,1,liquidity_vacuum,3.378,-0.307,True,False,True,POTENTIAL ANOMALY,Mahalanobis Distance,"Mahalanobis distance (3.38) substantially exceeds the configured anomaly threshold (3.0). Joint feature relationships (price, quantity, volume, price change) deviate significantly from the normal covariance structure."
TRD-102438,2026-09-30 11:34:54.990,ENERGY,69.24,1,69.24,2.665,1,liquidity_vacuum,3.436,-0.307,True,False,True,POTENTIAL ANOMALY,Mahalanobis Distance,"Mahalanobis distance (3.44) substantially exceeds the configured anomaly threshold (3.0). Joint feature relationships (price, quantity, volume, price change) deviate significantly from the normal covariance structure."
TRD-102486,2026-09-30 11:37:25.690,TECH,211.32,236,49871.52,-4.022,1,price_shock,5.1545,0.0882,True,False,True,POTENTIAL ANOMALY,Mahalanobis Distance,"Mahalanobis distance (5.15) substantially exceeds the configured anomaly threshold (3.0). Joint feature relationships (price, quantity, volume, price change) deviate significantly from the normal covariance structure."
TRD-102513,2026-09-30 11:39:13.519,TECH,211.0,7452,1572372.0,0.014,1,volume_spike,12.9404,12.1713,True,True,True,POTENTIAL ANOMALY,Both,Trade exhibits both an elevated Mahalanobis distance (12.94 > 3.0) and an extreme volume spike (Z=12.17 > 3.0). This multivariate and volume divergence indicates potential irregular trading behavior.
TRD-102569,2026-09-30 11:41:57.808,TECH,220.43,201,44306.43,9.047,1,price_shock,11.2881,0.0441,True,False,True,POTENTIAL ANOMALY,Mahalanobis Distance,"Mahalanobis distance (11.29) substantially exceeds the configured anomaly threshold (3.0). Joint feature relationships (price, quantity, volume, price change) deviate significantly from the normal covariance structure."
TRD-102585,2026-09-30 11:42:45.630,TECH,220.69,9003,1986872.07,0.182,1,volume_spike,16.8231,15.4609,True,True,True,POTENTIAL ANOMALY,Both,Trade exhibits both an elevated Mahalanobis distance (16.82 > 3.0) and an extreme volume spike (Z=15.46 > 3.0). This multivariate and volume divergence indicates potential irregular trading behavior.
TRD-102607,2026-09-30 11:43:36.631,BANK,38.35,5,191.75,3.558,1,liquidity_vacuum,4.6258,-0.306,True,False,True,POTENTIAL ANOMALY,Mahalanobis Distance,"Mahalanobis distance (4.63) substantially exceeds the configured anomaly threshold (3.0). Joint feature relationships (price, quantity, volume, price change) deviate significantly from the normal covariance structure."
TRD-102676,2026-09-30 11:47:24.027,BANK,34.73,2405,83525.65,-2.124,1,multivariate_break,4.9876,0.3553,True,False,True,POTENTIAL ANOMALY,Mahalanobis Distance,"Mahalanobis distance (4.99) substantially exceeds the configured anomaly threshold (3.0). Joint feature relationships (price, quantity, volume, price change) deviate significantly from the normal covariance structure."
TRD-102708,2026-09-30 11:48:38.536,AUTO,60.93,2,121.86,-3.749,1,liquidity_vacuum,4.7537,-0.3066,True,False,True,POTENTIAL ANOMALY,Mahalanobis Distance,"Mahalanobis distance (4.75) substantially exceeds the configured anomaly threshold (3.0). Joint feature relationships (price, quantity, volume, price change) deviate significantly from the normal covariance structure."
TRD-102798,2026-09-30 11:53:26.125,TECH,213.55,111,23704.05,-7.529,1,price_shock,9.4257,-0.1194,True,False,True,POTENTIAL ANOMALY,Mahalanobis Distance,"Mahalanobis distance (9.43) substantially exceeds the configured anomaly threshold (3.0). Joint feature relationships (price, quantity, volume, price change) deviate significantly from the normal covariance structure."
TRD-102828,2026-09-30 11:54:58.343,TECH,213.08,5483,1168317.64,0.137,1,volume_spike,9.5551,8.9646,True,True,True,POTENTIAL ANOMALY,Both,Trade exhibits both an elevated Mahalanobis distance (9.56 > 3.0) and an extreme volume spike (Z=8.96 > 3.0). This multivariate and volume divergence indicates potential irregular trading behavior.
TRD-102839,2026-09-30 11:55:20.176,PHARMA,139.26,363,50551.38,4.947,1,price_shock,6.1314,0.0936,True,False,True,POTENTIAL ANOMALY,Mahalanobis Distance,"Mahalanobis distance (6.13) substantially exceeds the configured anomaly threshold (3.0). Joint feature relationships (price, quantity, volume, price change) deviate significantly from the normal covariance structure."
TRD-102846,2026-09-30 11:55:38.603,TECH,213.35,11373,2426429.55,0.102,1,volume_spike,20.3246,18.9494,True,True,True,POTENTIAL ANOMALY,Both,Trade exhibits both an elevated Mahalanobis distance (20.32 > 3.0) and an extreme volume spike (Z=18.95 > 3.0). This multivariate and volume divergence indicates potential irregular trading behavior.
TRD-102864,2026-09-30 11:56:42.856,ENERGY,63.19,2,126.38,-3.583,1,liquidity_vacuum,4.5465,-0.3066,True,False,True,POTENTIAL ANOMALY,Mahalanobis Distance,"Mahalanobis distance (4.55) substantially exceeds the configured anomaly threshold (3.0). Joint feature relationships (price, quantity, volume, price change) deviate significantly from the normal covariance structure."
TRD-102890,2026-09-30 11:58:06.987,AUTO,73.15,82,5998.3,8.555,1,price_shock,10.6193,-0.26,True,False,True,POTENTIAL ANOMALY,Mahalanobis Distance,"Mahalanobis distance (10.62) substantially exceeds the configured anomaly threshold (3.0). Joint feature relationships (price, quantity, volume, price change) deviate significantly from the normal covariance structure."
TRD-102914,2026-09-30 11:59:33.458,TECH,213.4,13422,2864254.8,-0.076,1,volume_spike,24.081,22.4241,True,True,True,POTENTIAL ANOMALY,Both,Trade exhibits both an elevated Mahalanobis distance (24.08 > 3.0) and an extreme volume spike (Z=22.42 > 3.0). This multivariate and volume divergence indicates potential irregular trading behavior.
TRD-102954,2026-09-30 12:01:47.319,TECH,222.61,213,47415.93,9.191,1,price_shock,11.4687,0.0687,True,False,True,POTENTIAL ANOMALY,Mahalanobis Distance,"Mahalanobis distance (11.47) substantially exceeds the configured anomaly threshold (3.0). Joint feature relationships (price, quantity, volume, price change) deviate significantly from the normal covariance structure."
TRD-102973,2026-09-30 12:02:54.989,BANK,34.75,2016,70056.0,-2.201,1,multivariate_break,4.429,0.2484,True,False,True,POTENTIAL ANOMALY,Mahalanobis Distance,"Mahalanobis distance (4.43) substantially exceeds the configured anomaly threshold (3.0). Joint feature relationships (price, quantity, volume, price change) deviate significantly from the normal covariance structure."
TRD-103004,2026-09-30 12:04:25.709,BANK,40.2,105,4221.0,5.361,1,price_shock,6.7602,-0.2741,True,False,True,POTENTIAL ANOMALY,Mahalanobis Distance,"Mahalanobis distance (6.76) substantially exceeds the configured anomaly threshold (3.0). Joint feature relationships (price, quantity, volume, price change) deviate significantly from the normal covariance structure."
TRD-103031,2026-09-30 12:05:25.010,TECH,218.8,5,1094.0,-3.647,1,liquidity_vacuum,4.783,-0.2989,True,False,True,POTENTIAL ANOMALY,Mahalanobis Distance,"Mahalanobis distance (4.78) substantially exceeds the configured anomaly threshold (3.0). Joint feature relationships (price, quantity, volume, price change) deviate significantly from the normal covariance structure."
TRD-103111,2026-09-30 12:09:34.872,TECH,222.8,2445,544746.0,-2.821,1,multivariate_break,5.5891,4.0157,True,True,True,POTENTIAL ANOMALY,Both,Trade exhibits both an elevated Mahalanobis distance (5.59 > 3.0) and an extreme volume spike (Z=4.02 > 3.0). This multivariate and volume divergence indicates potential irregular trading behavior.
TRD-103141,2026-09-30 12:10:24.512,AUTO,72.61,7114,516547.54,-0.1,1,volume_spike,10.46,3.7919,True,True,True,POTENTIAL ANOMALY,Both,Trade exhibits both an elevated Mahalanobis distance (10.46 > 3.0) and an extreme volume spike (Z=3.79 > 3.0). This multivariate and volume divergence indicates potential irregular trading behavior.
TRD-103185,2026-09-30 12:13:00.463,ENERGY,67.24,13174,885819.76,0.242,1,volume_spike,20.6121,6.7226,True,True,True,POTENTIAL ANOMALY,Both,Trade exhibits both an elevated Mahalanobis distance (20.61 > 3.0) and an extreme volume spike (Z=6.72 > 3.0). This multivariate and volume divergence indicates potential irregular trading behavior.
TRD-103234,2026-09-30 12:15:26.795,BANK,43.81,5,219.05,3.506,1,liquidity_vacuum,4.5397,-0.3058,True,False,True,POTENTIAL ANOMALY,Mahalanobis Distance,"Mahalanobis distance (4.54) substantially exceeds the configured anomaly threshold (3.0). Joint feature relationships (price, quantity, volume, price change) deviate significantly from the normal covariance structure."
TRD-103239,2026-09-30 12:15:50.339,BANK,40.34,2477,99922.18,-3.162,1,multivariate_break,5.7427,0.4854,True,False,True,POTENTIAL ANOMALY,Mahalanobis Distance,"Mahalanobis distance (5.74) substantially exceeds the configured anomaly threshold (3.0). Joint feature relationships (price, quantity, volume, price change) deviate significantly from the normal covariance structure."
TRD-103300,2026-09-30 12:18:39.029,PHARMA,138.89,2889,401253.21,-2.096,1,multivariate_break,4.0106,2.8769,True,False,True,POTENTIAL ANOMALY,Mahalanobis Distance,"Mahalanobis distance (4.01) substantially exceeds the configured anomaly threshold (3.0). Joint feature relationships (price, quantity, volume, price change) deviate significantly from the normal covariance structure."
TRD-103324,2026-09-30 12:19:45.137,AUTO,72.83,2460,179161.8,2.678,1,multivariate_break,4.6703,1.1143,True,False,True,POTENTIAL ANOMALY,Mahalanobis Distance,"Mahalanobis distance (4.67) substantially exceeds the configured anomaly threshold (3.0). Joint feature relationships (price, quantity, volume, price change) deviate significantly from the normal covariance structure."
TRD-103354,2026-09-30 12:21:29.927,TECH,223.25,5140,1147505.0,-0.065,1,volume_spike,9.5796,8.7994,True,True,True,POTENTIAL ANOMALY,Both,Trade exhibits both an elevated Mahalanobis distance (9.58 > 3.0) and an extreme volume spike (Z=8.80 > 3.0). This multivariate and volume divergence indicates potential irregular trading behavior.
TRD-103360,2026-09-30 12:21:50.112,TECH,220.24,1,220.24,-3.102,1,liquidity_vacuum,4.1615,-0.3058,True,False,True,POTENTIAL ANOMALY,Mahalanobis Distance,"Mahalanobis distance (4.16) substantially exceeds the configured anomaly threshold (3.0). Joint feature relationships (price, quantity, volume, price change) deviate significantly from the normal covariance structure."
TRD-103391,2026-09-30 12:23:40.142,BANK,37.66,1,37.66,-2.721,1,liquidity_vacuum,3.6441,-0.3073,True,False,True,POTENTIAL ANOMALY,Mahalanobis Distance,"Mahalanobis distance (3.64) substantially exceeds the configured anomaly threshold (3.0). Joint feature relationships (price, quantity, volume, price change) deviate significantly from the normal covariance structure."
TRD-103408,2026-09-30 12:24:24.539,ENERGY,67.26,8886,597672.36,0.083,1,volume_spike,13.7064,4.4358,True,True,True,POTENTIAL ANOMALY,Both,Trade exhibits both an elevated Mahalanobis distance (13.71 > 3.0) and an extreme volume spike (Z=4.44 > 3.0). This multivariate and volume divergence indicates potential irregular trading behavior.
TRD-103424,2026-09-30 12:25:20.250,TECH,227.17,2,454.34,3.678,1,liquidity_vacuum,4.848,-0.304,True,False,True,POTENTIAL ANOMALY,Mahalanobis Distance,"Mahalanobis distance (4.85) substantially exceeds the configured anomaly threshold (3.0). Joint feature relationships (price, quantity, volume, price change) deviate significantly from the normal covariance structure."
TRD-103466,2026-09-30 12:27:36.240,AUTO,72.82,3124,227489.68,1.85,1,multivariate_break,4.8709,1.4979,True,False,True,POTENTIAL ANOMALY,Mahalanobis Distance,"Mahalanobis distance (4.87) substantially exceeds the configured anomaly threshold (3.0). Joint feature relationships (price, quantity, volume, price change) deviate significantly from the normal covariance structure."
TRD-103467,2026-09-30 12:27:37.894,AUTO,69.16,2,138.32,-3.661,1,liquidity_vacuum,4.6227,-0.3065,True,False,True,POTENTIAL ANOMALY,Mahalanobis Distance,"Mahalanobis distance (4.62) substantially exceeds the configured anomaly threshold (3.0). Joint feature relationships (price, quantity, volume, price change) deviate significantly from the normal covariance structure."
TRD-103572,2026-09-30 12:33:34.519,TECH,223.61,2002,447667.22,2.71,1,multivariate_break,4.9824,3.2453,True,True,True,POTENTIAL ANOMALY,Both,Trade exhibits both an elevated Mahalanobis distance (4.98 > 3.0) and an extreme volume spike (Z=3.25 > 3.0). This multivariate and volume divergence indicates potential irregular trading behavior.
TRD-103659,2026-09-30 12:38:31.734,PHARMA,138.84,2464,342101.76,-2.271,1,multivariate_break,3.7911,2.4075,True,False,True,POTENTIAL ANOMALY,Mahalanobis Distance,"Mahalanobis distance (3.79) substantially exceeds the configured anomaly threshold (3.0). Joint feature relationships (price, quantity, volume, price change) deviate significantly from the normal covariance structure."
TRD-103701,2026-09-30 12:40:10.490,TECH,223.64,3070,686574.8,-2.521,1,multivariate_break,6.3832,5.1413,True,True,True,POTENTIAL ANOMALY,Both,Trade exhibits both an elevated Mahalanobis distance (6.38 > 3.0) and an extreme volume spike (Z=5.14 > 3.0). This multivariate and volume divergence indicates potential irregular trading behavior.
TRD-103722,2026-09-30 12:41:16.508,BANK,35.99,109,3922.91,-4.665,1,price_shock,5.9156,-0.2764,True,False,True,POTENTIAL ANOMALY,Mahalanobis Distance,"Mahalanobis distance (5.92) substantially exceeds the configured anomaly threshold (3.0). Joint feature relationships (price, quantity, volume, price change) deviate significantly from the normal covariance structure."
TRD-103723,2026-09-30 12:41:29.862,BANK,35.99,2153,77486.47,1.989,1,multivariate_break,4.4606,0.3074,True,False,True,POTENTIAL ANOMALY,Mahalanobis Distance,"Mahalanobis distance (4.46) substantially exceeds the configured anomaly threshold (3.0). Joint feature relationships (price, quantity, volume, price change) deviate significantly from the normal covariance structure."
TRD-103783,2026-09-30 12:44:21.805,AUTO,72.7,1957,142273.9,-2.114,1,multivariate_break,3.6262,0.8216,True,False,True,POTENTIAL ANOMALY,Mahalanobis Distance,"Mahalanobis distance (3.63) substantially exceeds the configured anomaly threshold (3.0). Joint feature relationships (price, quantity, volume, price change) deviate significantly from the normal covariance structure."
TRD-103784,2026-09-30 12:44:23.547,BANK,35.97,2682,96471.54,2.586,1,multivariate_break,5.7139,0.4581,True,False,True,POTENTIAL ANOMALY,Mahalanobis Distance,"Mahalanobis distance (5.71) substantially exceeds the configured anomaly threshold (3.0). Joint feature relationships (price, quantity, volume, price change) deviate significantly from the normal covariance structure."
TRD-103818,2026-09-30 12:46:12.164,PHARMA,138.91,8127,1128921.57,-0.079,1,volume_spike,9.4055,8.6519,True,True,True,POTENTIAL ANOMALY,Both,Trade exhibits both an elevated Mahalanobis distance (9.41 > 3.0) and an extreme volume spike (Z=8.65 > 3.0). This multivariate and volume divergence indicates potential irregular trading behavior.
TRD-103819,2026-09-30 12:46:13.299,TECH,223.37,8578,1916067.86,-0.134,1,volume_spike,16.2945,14.899,True,True,True,POTENTIAL ANOMALY,Both,Trade exhibits both an elevated Mahalanobis distance (16.29 > 3.0) and an extreme volume spike (Z=14.90 > 3.0). This multivariate and volume divergence indicates potential irregular trading behavior.
TRD-103828,2026-09-30 12:46:36.708,TECH,231.85,216,50079.6,8.261,1,price_shock,10.3498,0.0899,True,False,True,POTENTIAL ANOMALY,Mahalanobis Distance,"Mahalanobis distance (10.35) substantially exceeds the configured anomaly threshold (3.0). Joint feature relationships (price, quantity, volume, price change) deviate significantly from the normal covariance structure."
TRD-103850,2026-09-30 12:47:23.672,TECH,223.03,299,66685.97,-8.705,1,price_shock,10.8723,0.2217,True,False,True,POTENTIAL ANOMALY,Mahalanobis Distance,"Mahalanobis distance (10.87) substantially exceeds the configured anomaly threshold (3.0). Joint feature relationships (price, quantity, volume, price change) deviate significantly from the normal covariance structure."
TRD-103906,2026-09-30 12:50:27.354,ENERGY,64.24,5,321.2,-2.925,1,liquidity_vacuum,3.7537,-0.305,True,False,True,POTENTIAL ANOMALY,Mahalanobis Distance,"Mahalanobis distance (3.75) substantially exceeds the configured anomaly threshold (3.0). Joint feature relationships (price, quantity, volume, price change) deviate significantly from the normal covariance structure."
TRD-103936,2026-09-30 12:52:08.779,TECH,220.13,2,440.26,-3.396,1,liquidity_vacuum,4.4988,-0.3041,True,False,True,POTENTIAL ANOMALY,Mahalanobis Distance,"Mahalanobis distance (4.50) substantially exceeds the configured anomaly threshold (3.0). Joint feature relationships (price, quantity, volume, price change) deviate significantly from the normal covariance structure."
TRD-103990,2026-09-30 12:55:01.150,TECH,223.95,4707,1054132.65,-0.051,1,volume_spike,8.7829,8.0584,True,True,True,POTENTIAL ANOMALY,Both,Trade exhibits both an elevated Mahalanobis distance (8.78 > 3.0) and an extreme volume spike (Z=8.06 > 3.0). This multivariate and volume divergence indicates potential irregular trading behavior.
TRD-104011,2026-09-30 12:56:33.823,BANK,36.16,8664,313290.24,-0.117,1,volume_spike,16.5807,2.1788,True,False,True,POTENTIAL ANOMALY,Mahalanobis Distance,"Mahalanobis distance (16.58) substantially exceeds the configured anomaly threshold (3.0). Joint feature relationships (price, quantity, volume, price change) deviate significantly from the normal covariance structure."
TRD-104016,2026-09-30 12:57:03.941,TECH,219.02,2,438.04,-4.918,1,liquidity_vacuum,6.2911,-0.3041,True,False,True,POTENTIAL ANOMALY,Mahalanobis Distance,"Mahalanobis distance (6.29) substantially exceeds the configured anomaly threshold (3.0). Joint feature relationships (price, quantity, volume, price change) deviate significantly from the normal covariance structure."
TRD-104036,2026-09-30 12:57:53.493,PHARMA,139.02,7958,1106321.16,0.003,1,volume_spike,9.2043,8.4726,True,True,True,POTENTIAL ANOMALY,Both,Trade exhibits both an elevated Mahalanobis distance (9.20 > 3.0) and an extreme volume spike (Z=8.47 > 3.0). This multivariate and volume divergence indicates potential irregular trading behavior.
TRD-104072,2026-09-30 12:59:54.350,PHARMA,139.16,2755,383385.8,-2.577,1,multivariate_break,4.3041,2.7351,True,False,True,POTENTIAL ANOMALY,Mahalanobis Distance,"Mahalanobis distance (4.30) substantially exceeds the configured anomaly threshold (3.0). Joint feature relationships (price, quantity, volume, price change) deviate significantly from the normal covariance structure."
TRD-104087,2026-09-30 13:00:42.526,AUTO,69.12,2,138.24,-3.08,1,liquidity_vacuum,3.9223,-0.3065,True,False,True,POTENTIAL ANOMALY,Mahalanobis Distance,"Mahalanobis distance (3.92) substantially exceeds the configured anomaly threshold (3.0). Joint feature relationships (price, quantity, volume, price change) deviate significantly from the normal covariance structure."
TRD-104108,2026-09-30 13:01:20.482,TECH,219.75,1,219.75,-4.265,1,liquidity_vacuum,5.5161,-0.3058,True,False,True,POTENTIAL ANOMALY,Mahalanobis Distance,"Mahalanobis distance (5.52) substantially exceeds the configured anomaly threshold (3.0). Joint feature relationships (price, quantity, volume, price change) deviate significantly from the normal covariance structure."
TRD-104166,2026-09-30 13:04:03.623,ENERGY,70.66,5,353.3,3.397,1,liquidity_vacuum,4.308,-0.3048,True,False,True,POTENTIAL ANOMALY,Mahalanobis Distance,"Mahalanobis distance (4.31) substantially exceeds the configured anomaly threshold (3.0). Joint feature relationships (price, quantity, volume, price change) deviate significantly from the normal covariance structure."
TRD-104177,2026-09-30 13:04:42.760,TECH,218.68,142,31052.56,-5.724,1,price_shock,7.238,-0.0611,True,False,True,POTENTIAL ANOMALY,Mahalanobis Distance,"Mahalanobis distance (7.24) substantially exceeds the configured anomaly threshold (3.0). Joint feature relationships (price, quantity, volume, price change) deviate significantly from the normal covariance structure."
TRD-104208,2026-09-30 13:06:28.987,ENERGY,67.56,13712,926382.72,-0.005,1,volume_spike,21.4277,7.0445,True,True,True,POTENTIAL ANOMALY,Both,Trade exhibits both an elevated Mahalanobis distance (21.43 > 3.0) and an extreme volume spike (Z=7.04 > 3.0). This multivariate and volume divergence indicates potential irregular trading behavior.
TRD-104218,2026-09-30 13:07:03.935,AUTO,78.9,376,29666.4,7.0,1,price_shock,8.6847,-0.0721,True,False,True,POTENTIAL ANOMALY,Mahalanobis Distance,"Mahalanobis distance (8.68) substantially exceeds the configured anomaly threshold (3.0). Joint feature relationships (price, quantity, volume, price change) deviate significantly from the normal covariance structure."
TRD-104226,2026-09-30 13:07:21.689,TECH,218.63,10458,2286432.54,-0.026,1,volume_spike,19.341,17.8383,True,True,True,POTENTIAL ANOMALY,Both,Trade exhibits both an elevated Mahalanobis distance (19.34 > 3.0) and an extreme volume spike (Z=17.84 > 3.0). This multivariate and volume divergence indicates potential irregular trading behavior.
TRD-104286,2026-09-30 13:10:41.793,BANK,41.69,233,9713.77,5.651,1,price_shock,7.0934,-0.2305,True,False,True,POTENTIAL ANOMALY,Mahalanobis Distance,"Mahalanobis distance (7.09) substantially exceeds the configured anomaly threshold (3.0). Joint feature relationships (price, quantity, volume, price change) deviate significantly from the normal covariance structure."
TRD-104289,2026-09-30 13:10:51.955,PHARMA,145.89,83,12108.87,6.406,1,price_shock,7.9395,-0.2115,True,False,True,POTENTIAL ANOMALY,Mahalanobis Distance,"Mahalanobis distance (7.94) substantially exceeds the configured anomaly threshold (3.0). Joint feature relationships (price, quantity, volume, price change) deviate significantly from the normal covariance structure."
TRD-104292,2026-09-30 13:11:04.487,TECH,213.81,2,427.62,-4.917,1,liquidity_vacuum,6.2702,-0.3042,True,False,True,POTENTIAL ANOMALY,Mahalanobis Distance,"Mahalanobis distance (6.27) substantially exceeds the configured anomaly threshold (3.0). Joint feature relationships (price, quantity, volume, price change) deviate significantly from the normal covariance structure."
TRD-104323,2026-09-30 13:12:46.382,PHARMA,142.47,2,284.94,-3.211,1,liquidity_vacuum,4.0078,-0.3053,True,False,True,POTENTIAL ANOMALY,Mahalanobis Distance,"Mahalanobis distance (4.01) substantially exceeds the configured anomaly threshold (3.0). Joint feature relationships (price, quantity, volume, price change) deviate significantly from the normal covariance structure."
TRD-104329,2026-09-30 13:13:01.811,ENERGY,67.1,2127,142721.7,1.999,1,multivariate_break,3.8175,0.8251,True,False,True,POTENTIAL ANOMALY,Mahalanobis Distance,"Mahalanobis distance (3.82) substantially exceeds the configured anomaly threshold (3.0). Joint feature relationships (price, quantity, volume, price change) deviate significantly from the normal covariance structure."
TRD-104341,2026-09-30 13:13:38.446,BANK,41.72,10366,432469.52,-0.095,1,volume_spike,19.2333,3.1247,True,True,True,POTENTIAL ANOMALY,Both,Trade exhibits both an elevated Mahalanobis distance (19.23 > 3.0) and an extreme volume spike (Z=3.12 > 3.0). This multivariate and volume divergence indicates potential irregular trading behavior.
TRD-104355,2026-09-30 13:14:33.543,ENERGY,67.08,2754,184738.32,-2.362,1,multivariate_break,4.8549,1.1586,True,False,True,POTENTIAL ANOMALY,Mahalanobis Distance,"Mahalanobis distance (4.85) substantially exceeds the configured anomaly threshold (3.0). Joint feature relationships (price, quantity, volume, price change) deviate significantly from the normal covariance structure."
TRD-104390,2026-09-30 13:15:55.933,PHARMA,152.08,331,50338.48,6.424,1,price_shock,7.9649,0.0919,True,False,True,POTENTIAL ANOMALY,Mahalanobis Distance,"Mahalanobis distance (7.96) substantially exceeds the configured anomaly threshold (3.0). Joint feature relationships (price, quantity, volume, price change) deviate significantly from the normal covariance structure."
TRD-104408,2026-09-30 13:16:40.974,TECH,221.84,2,443.68,2.717,1,liquidity_vacuum,3.7219,-0.304,True,False,True,POTENTIAL ANOMALY,Mahalanobis Distance,"Mahalanobis distance (3.72) substantially exceeds the configured anomaly threshold (3.0). Joint feature relationships (price, quantity, volume, price change) deviate significantly from the normal covariance structure."
TRD-104455,2026-09-30 13:19:09.509,TECH,219.13,2823,618603.99,2.384,1,multivariate_break,5.8365,4.6019,True,True,True,POTENTIAL ANOMALY,Both,Trade exhibits both an elevated Mahalanobis distance (5.84 > 3.0) and an extreme volume spike (Z=4.60 > 3.0). This multivariate and volume divergence indicates potential irregular trading behavior.
TRD-104457,2026-09-30 13:19:14.483,ENERGY,58.87,112,6593.44,-8.312,1,price_shock,10.3244,-0.2552,True,False,True,POTENTIAL ANOMALY,Mahalanobis Distance,"Mahalanobis distance (10.32) substantially exceeds the configured anomaly threshold (3.0). Joint feature relationships (price, quantity, volume, price change) deviate significantly from the normal covariance structure."
TRD-104476,2026-09-30 13:20:35.845,BANK,41.68,9894,412381.92,-0.34,1,volume_spike,18.3358,2.9652,True,False,True,POTENTIAL ANOMALY,Mahalanobis Distance,"Mahalanobis distance (18.34) substantially exceeds the configured anomaly threshold (3.0). Joint feature relationships (price, quantity, volume, price change) deviate significantly from the normal covariance structure."
TRD-104495,2026-09-30 13:21:30.063,ENERGY,58.88,3196,188180.48,-2.869,1,multivariate_break,6.02,1.1859,True,False,True,POTENTIAL ANOMALY,Mahalanobis Distance,"Mahalanobis distance (6.02) substantially exceeds the configured anomaly threshold (3.0). Joint feature relationships (price, quantity, volume, price change) deviate significantly from the normal covariance structure."
TRD-104518,2026-09-30 13:22:29.737,AUTO,75.55,1,75.55,-3.758,1,liquidity_vacuum,4.7239,-0.307,True,False,True,POTENTIAL ANOMALY,Mahalanobis Distance,"Mahalanobis distance (4.72) substantially exceeds the configured anomaly threshold (3.0). Joint feature relationships (price, quantity, volume, price change) deviate significantly from the normal covariance structure."
TRD-104644,2026-09-30 13:29:11.025,PHARMA,156.14,383,59801.62,3.735,1,price_shock,4.6568,0.167,True,False,True,POTENTIAL ANOMALY,Mahalanobis Distance,"Mahalanobis distance (4.66) substantially exceeds the configured anomaly threshold (3.0). Joint feature relationships (price, quantity, volume, price change) deviate significantly from the normal covariance structure."
TRD-104660,2026-09-30 13:29:57.973,TECH,219.04,3035,664786.4,-2.114,1,multivariate_break,5.942,4.9684,True,True,True,POTENTIAL ANOMALY,Both,Trade exhibits both an elevated Mahalanobis distance (5.94 > 3.0) and an extreme volume spike (Z=4.97 > 3.0). This multivariate and volume divergence indicates potential irregular trading behavior.
TRD-104683,2026-09-30 13:31:06.302,BANK,41.88,2794,117012.72,-2.234,1,multivariate_break,5.494,0.6211,True,False,True,POTENTIAL ANOMALY,Mahalanobis Distance,"Mahalanobis distance (5.49) substantially exceeds the configured anomaly threshold (3.0). Joint feature relationships (price, quantity, volume, price change) deviate significantly from the normal covariance structure."
TRD-104689,2026-09-30 13:31:28.642,BANK,41.88,2969,124341.72,-2.585,1,multivariate_break,5.9996,0.6793,True,False,True,POTENTIAL ANOMALY,Mahalanobis Distance,"Mahalanobis distance (6.00) substantially exceeds the configured anomaly threshold (3.0). Joint feature relationships (price, quantity, volume, price change) deviate significantly from the normal covariance structure."
TRD-104768,2026-09-30 13:35:12.375,AUTO,79.57,2777,220965.89,2.744,1,multivariate_break,4.9488,1.4461,True,False,True,POTENTIAL ANOMALY,Mahalanobis Distance,"Mahalanobis distance (4.95) substantially exceeds the configured anomaly threshold (3.0). Joint feature relationships (price, quantity, volume, price change) deviate significantly from the normal covariance structure."
TRD-104789,2026-09-30 13:36:22.304,AUTO,76.01,5,380.05,-3.683,1,liquidity_vacuum,4.6308,-0.3046,True,False,True,POTENTIAL ANOMALY,Mahalanobis Distance,"Mahalanobis distance (4.63) substantially exceeds the configured anomaly threshold (3.0). Joint feature relationships (price, quantity, volume, price change) deviate significantly from the normal covariance structure."
TRD-104803,2026-09-30 13:37:01.579,TECH,219.23,2133,467617.59,-2.24,1,multivariate_break,4.6314,3.4036,True,True,True,POTENTIAL ANOMALY,Both,Trade exhibits both an elevated Mahalanobis distance (4.63 > 3.0) and an extreme volume spike (Z=3.40 > 3.0). This multivariate and volume divergence indicates potential irregular trading behavior.
TRD-104857,2026-09-30 13:39:58.593,AUTO,80.12,12342,988841.04,0.11,1,volume_spike,17.6442,7.5402,True,True,True,POTENTIAL ANOMALY,Both,Trade exhibits both an elevated Mahalanobis distance (17.64 > 3.0) and an extreme volume spike (Z=7.54 > 3.0). This multivariate and volume divergence indicates potential irregular trading behavior.
TRD-104866,2026-09-30 13:40:23.540,TECH,219.26,3040,666550.4,2.451,1,multivariate_break,6.2286,4.9824,True,True,True,POTENTIAL ANOMALY,Both,Trade exhibits both an elevated Mahalanobis distance (6.23 > 3.0) and an extreme volume spike (Z=4.98 > 3.0). This multivariate and volume divergence indicates potential irregular trading behavior.
TRD-104952,2026-09-30 13:44:33.838,BANK,44.59,1,44.59,2.628,1,liquidity_vacuum,3.5118,-0.3072,True,False,True,POTENTIAL ANOMALY,Mahalanobis Distance,"Mahalanobis distance (3.51) substantially exceeds the configured anomaly threshold (3.0). Joint feature relationships (price, quantity, volume, price change) deviate significantly from the normal covariance structure."
TRD-104962,2026-09-30 13:45:18.826,ENERGY,52.63,219,11525.97,-5.813,1,price_shock,7.2556,-0.2161,True,False,True,POTENTIAL ANOMALY,Mahalanobis Distance,"Mahalanobis distance (7.26) substantially exceeds the configured anomaly threshold (3.0). Joint feature relationships (price, quantity, volume, price change) deviate significantly from the normal covariance structure."
TRD-104972,2026-09-30 13:46:03.567,TECH,211.66,101,21377.66,-7.204,1,price_shock,9.025,-0.1379,True,False,True,POTENTIAL ANOMALY,Mahalanobis Distance,"Mahalanobis distance (9.03) substantially exceeds the configured anomaly threshold (3.0). Joint feature relationships (price, quantity, volume, price change) deviate significantly from the normal covariance structure."
TRD-104979,2026-09-30 13:46:14.513,BANK,41.91,1884,78958.44,-2.489,1,multivariate_break,4.3494,0.3191,True,False,True,POTENTIAL ANOMALY,Mahalanobis Distance,"Mahalanobis distance (4.35) substantially exceeds the configured anomaly threshold (3.0). Joint feature relationships (price, quantity, volume, price change) deviate significantly from the normal covariance structure."
TRD-104987,2026-09-30 13:46:47.772,PHARMA,152.4,2,304.8,-4.338,1,liquidity_vacuum,5.405,-0.3051,True,False,True,POTENTIAL ANOMALY,Mahalanobis Distance,"Mahalanobis distance (5.41) substantially exceeds the configured anomaly threshold (3.0). Joint feature relationships (price, quantity, volume, price change) deviate significantly from the normal covariance structure."
TRD-104993,2026-09-30 13:46:55.530,ENERGY,52.56,1816,95448.96,-2.034,1,multivariate_break,3.6996,0.4499,True,False,True,POTENTIAL ANOMALY,Mahalanobis Distance,"Mahalanobis distance (3.70) substantially exceeds the configured anomaly threshold (3.0). Joint feature relationships (price, quantity, volume, price change) deviate significantly from the normal covariance structure."
TRD-105050,2026-09-30 13:49:39.354,TECH,211.85,2993,634067.05,2.239,1,multivariate_break,5.7848,4.7246,True,True,True,POTENTIAL ANOMALY,Both,Trade exhibits both an elevated Mahalanobis distance (5.78 > 3.0) and an extreme volume spike (Z=4.72 > 3.0). This multivariate and volume divergence indicates potential irregular trading behavior.
TRD-105053,2026-09-30 13:49:53.930,BANK,37.71,5,188.55,-4.299,1,liquidity_vacuum,5.4942,-0.3061,True,False,True,POTENTIAL ANOMALY,Mahalanobis Distance,"Mahalanobis distance (5.49) substantially exceeds the configured anomaly threshold (3.0). Joint feature relationships (price, quantity, volume, price change) deviate significantly from the normal covariance structure."
TRD-105055,2026-09-30 13:49:56.614,TECH,211.8,3134,663781.2,1.827,1,multivariate_break,5.7766,4.9604,True,True,True,POTENTIAL ANOMALY,Both,Trade exhibits both an elevated Mahalanobis distance (5.78 > 3.0) and an extreme volume spike (Z=4.96 > 3.0). This multivariate and volume divergence indicates potential irregular trading behavior.
TRD-105092,2026-09-30 13:51:35.901,AUTO,79.66,2365,188395.9,2.715,1,multivariate_break,4.5031,1.1876,True,False,True,POTENTIAL ANOMALY,Mahalanobis Distance,"Mahalanobis distance (4.50) substantially exceeds the configured anomaly threshold (3.0). Joint feature relationships (price, quantity, volume, price change) deviate significantly from the normal covariance structure."
TRD-105107,2026-09-30 13:52:15.575,AUTO,74.93,2,149.86,-4.735,1,liquidity_vacuum,5.9173,-0.3064,True,False,True,POTENTIAL ANOMALY,Mahalanobis Distance,"Mahalanobis distance (5.92) substantially exceeds the configured anomaly threshold (3.0). Joint feature relationships (price, quantity, volume, price change) deviate significantly from the normal covariance structure."
TRD-105152,2026-09-30 13:54:04.707,ENERGY,57.2,1,57.2,4.973,1,liquidity_vacuum,6.2596,-0.3071,True,False,True,POTENTIAL ANOMALY,Mahalanobis Distance,"Mahalanobis distance (6.26) substantially exceeds the configured anomaly threshold (3.0). Joint feature relationships (price, quantity, volume, price change) deviate significantly from the normal covariance structure."
TRD-105155,2026-09-30 13:54:12.050,TECH,211.87,2814,596202.18,-2.065,1,multivariate_break,5.335,4.4241,True,True,True,POTENTIAL ANOMALY,Both,Trade exhibits both an elevated Mahalanobis distance (5.33 > 3.0) and an extreme volume spike (Z=4.42 > 3.0). This multivariate and volume divergence indicates potential irregular trading behavior.
TRD-105171,2026-09-30 13:55:03.416,PHARMA,166.56,303,50467.68,9.485,1,price_shock,11.7563,0.093,True,False,True,POTENTIAL ANOMALY,Mahalanobis Distance,"Mahalanobis distance (11.76) substantially exceeds the configured anomaly threshold (3.0). Joint feature relationships (price, quantity, volume, price change) deviate significantly from the normal covariance structure."
TRD-105172,2026-09-30 13:55:03.746,ENERGY,48.94,5,244.7,-3.283,1,liquidity_vacuum,4.2404,-0.3056,True,False,True,POTENTIAL ANOMALY,Mahalanobis Distance,"Mahalanobis distance (4.24) substantially exceeds the configured anomaly threshold (3.0). Joint feature relationships (price, quantity, volume, price change) deviate significantly from the normal covariance structure."
TRD-105237,2026-09-30 13:59:26.685,ENERGY,52.0,2220,115440.0,2.17,1,multivariate_break,4.3479,0.6086,True,False,True,POTENTIAL ANOMALY,Mahalanobis Distance,"Mahalanobis distance (4.35) substantially exceeds the configured anomaly threshold (3.0). Joint feature relationships (price, quantity, volume, price change) deviate significantly from the normal covariance structure."
TRD-105240,2026-09-30 13:59:35.171,AUTO,79.83,12904,1030126.32,-0.12,1,volume_spike,18.5074,7.8679,True,True,True,POTENTIAL ANOMALY,Both,Trade exhibits both an elevated Mahalanobis distance (18.51 > 3.0) and an extreme volume spike (Z=7.87 > 3.0). This multivariate and volume divergence indicates potential irregular trading behavior.
TRD-105260,2026-09-30 14:00:14.068,BANK,48.52,142,6889.84,6.312,1,price_shock,7.895,-0.2529,True,False,True,POTENTIAL ANOMALY,Mahalanobis Distance,"Mahalanobis distance (7.89) substantially exceeds the configured anomaly threshold (3.0). Joint feature relationships (price, quantity, volume, price change) deviate significantly from the normal covariance structure."
TRD-105267,2026-09-30 14:00:36.402,AUTO,86.27,343,29590.61,6.49,1,price_shock,8.0482,-0.0727,True,False,True,POTENTIAL ANOMALY,Mahalanobis Distance,"Mahalanobis distance (8.05) substantially exceeds the configured anomaly threshold (3.0). Joint feature relationships (price, quantity, volume, price change) deviate significantly from the normal covariance structure."
TRD-105322,2026-09-30 14:03:40.675,TECH,214.03,1,214.03,2.557,1,liquidity_vacuum,3.4931,-0.3059,True,False,True,POTENTIAL ANOMALY,Mahalanobis Distance,"Mahalanobis distance (3.49) substantially exceeds the configured anomaly threshold (3.0). Joint feature relationships (price, quantity, volume, price change) deviate significantly from the normal covariance structure."
TRD-105324,2026-09-30 14:03:49.314,PHARMA,163.68,1,163.68,-2.98,1,liquidity_vacuum,3.7688,-0.3063,True,False,True,POTENTIAL ANOMALY,Mahalanobis Distance,"Mahalanobis distance (3.77) substantially exceeds the configured anomaly threshold (3.0). Joint feature relationships (price, quantity, volume, price change) deviate significantly from the normal covariance structure."
TRD-105327,2026-09-30 14:03:56.130,AUTO,81.3,2,162.6,-4.967,1,liquidity_vacuum,6.1903,-0.3063,True,False,True,POTENTIAL ANOMALY,Mahalanobis Distance,"Mahalanobis distance (6.19) substantially exceeds the configured anomaly threshold (3.0). Joint feature relationships (price, quantity, volume, price change) deviate significantly from the normal covariance structure."
TRD-105348,2026-09-30 14:05:00.256,ENERGY,48.54,1,48.54,-3.804,1,liquidity_vacuum,4.8628,-0.3072,True,False,True,POTENTIAL ANOMALY,Mahalanobis Distance,"Mahalanobis distance (4.86) substantially exceeds the configured anomaly threshold (3.0). Joint feature relationships (price, quantity, volume, price change) deviate significantly from the normal covariance structure."
TRD-105382,2026-09-30 14:06:37.529,PHARMA,166.68,1828,304691.04,-2.083,1,multivariate_break,3.3237,2.1106,True,False,True,POTENTIAL ANOMALY,Mahalanobis Distance,"Mahalanobis distance (3.32) substantially exceeds the configured anomaly threshold (3.0). Joint feature relationships (price, quantity, volume, price change) deviate significantly from the normal covariance structure."
TRD-105391,2026-09-30 14:07:03.870,AUTO,86.28,2983,257373.24,2.945,1,multivariate_break,5.2178,1.735,True,False,True,POTENTIAL ANOMALY,Mahalanobis Distance,"Mahalanobis distance (5.22) substantially exceeds the configured anomaly threshold (3.0). Joint feature relationships (price, quantity, volume, price change) deviate significantly from the normal covariance structure."
TRD-105394,2026-09-30 14:07:41.128,AUTO,89.28,1,89.28,2.999,1,liquidity_vacuum,3.7755,-0.3069,True,False,True,POTENTIAL ANOMALY,Mahalanobis Distance,"Mahalanobis distance (3.78) substantially exceeds the configured anomaly threshold (3.0). Joint feature relationships (price, quantity, volume, price change) deviate significantly from the normal covariance structure."
TRD-105397,2026-09-30 14:07:45.952,PHARMA,174.08,386,67194.88,7.421,1,price_shock,9.2195,0.2257,True,False,True,POTENTIAL ANOMALY,Mahalanobis Distance,"Mahalanobis distance (9.22) substantially exceeds the configured anomaly threshold (3.0). Joint feature relationships (price, quantity, volume, price change) deviate significantly from the normal covariance structure."
TRD-105399,2026-09-30 14:08:04.534,TECH,210.73,2194,462341.62,-2.893,1,multivariate_break,5.0569,3.3617,True,True,True,POTENTIAL ANOMALY,Both,Trade exhibits both an elevated Mahalanobis distance (5.06 > 3.0) and an extreme volume spike (Z=3.36 > 3.0). This multivariate and volume divergence indicates potential irregular trading behavior.
TRD-105424,2026-09-30 14:09:14.041,ENERGY,43.22,108,4667.76,-8.948,1,price_shock,11.1299,-0.2705,True,False,True,POTENTIAL ANOMALY,Mahalanobis Distance,"Mahalanobis distance (11.13) substantially exceeds the configured anomaly threshold (3.0). Joint feature relationships (price, quantity, volume, price change) deviate significantly from the normal covariance structure."
TRD-105428,2026-09-30 14:09:23.692,AUTO,91.03,1,91.03,4.741,1,liquidity_vacuum,5.9051,-0.3068,True,False,True,POTENTIAL ANOMALY,Mahalanobis Distance,"Mahalanobis distance (5.91) substantially exceeds the configured anomaly threshold (3.0). Joint feature relationships (price, quantity, volume, price change) deviate significantly from the normal covariance structure."
TRD-105483,2026-09-30 14:12:51.029,BANK,48.54,2679,130038.66,2.088,1,multivariate_break,5.0351,0.7245,True,False,True,POTENTIAL ANOMALY,Mahalanobis Distance,"Mahalanobis distance (5.04) substantially exceeds the configured anomaly threshold (3.0). Joint feature relationships (price, quantity, volume, price change) deviate significantly from the normal covariance structure."
TRD-105495,2026-09-30 14:13:33.128,TECH,210.97,2694,568353.18,-2.264,1,multivariate_break,5.2513,4.2031,True,True,True,POTENTIAL ANOMALY,Both,Trade exhibits both an elevated Mahalanobis distance (5.25 > 3.0) and an extreme volume spike (Z=4.20 > 3.0). This multivariate and volume divergence indicates potential irregular trading behavior.
TRD-105519,2026-09-30 14:14:39.405,TECH,204.06,119,24283.14,-6.999,1,price_shock,8.7551,-0.1148,True,False,True,POTENTIAL ANOMALY,Mahalanobis Distance,"Mahalanobis distance (8.76) substantially exceeds the configured anomaly threshold (3.0). Joint feature relationships (price, quantity, volume, price change) deviate significantly from the normal covariance structure."
TRD-105621,2026-09-30 14:20:27.167,TECH,208.21,274,57049.54,4.094,1,price_shock,5.2281,0.1452,True,False,True,POTENTIAL ANOMALY,Mahalanobis Distance,"Mahalanobis distance (5.23) substantially exceeds the configured anomaly threshold (3.0). Joint feature relationships (price, quantity, volume, price change) deviate significantly from the normal covariance structure."
TRD-105630,2026-09-30 14:21:30.199,TECH,203.27,381,77445.87,-4.968,1,price_shock,6.2626,0.3071,True,False,True,POTENTIAL ANOMALY,Mahalanobis Distance,"Mahalanobis distance (6.26) substantially exceeds the configured anomaly threshold (3.0). Joint feature relationships (price, quantity, volume, price change) deviate significantly from the normal covariance structure."
TRD-105632,2026-09-30 14:21:31.982,ENERGY,43.18,2488,107431.84,2.988,1,multivariate_break,5.551,0.545,True,False,True,POTENTIAL ANOMALY,Mahalanobis Distance,"Mahalanobis distance (5.55) substantially exceeds the configured anomaly threshold (3.0). Joint feature relationships (price, quantity, volume, price change) deviate significantly from the normal covariance structure."
TRD-105651,2026-09-30 14:22:29.480,TECH,208.09,337,70126.33,4.747,1,price_shock,6.015,0.249,True,False,True,POTENTIAL ANOMALY,Mahalanobis Distance,"Mahalanobis distance (6.01) substantially exceeds the configured anomaly threshold (3.0). Joint feature relationships (price, quantity, volume, price change) deviate significantly from the normal covariance structure."
TRD-105693,2026-09-30 14:24:56.338,PHARMA,177.11,1,177.11,3.278,1,liquidity_vacuum,4.1615,-0.3062,True,False,True,POTENTIAL ANOMALY,Mahalanobis Distance,"Mahalanobis distance (4.16) substantially exceeds the configured anomaly threshold (3.0). Joint feature relationships (price, quantity, volume, price change) deviate significantly from the normal covariance structure."
TRD-105695,2026-09-30 14:24:58.731,TECH,207.64,2142,444764.88,-2.882,1,multivariate_break,4.9299,3.2222,True,True,True,POTENTIAL ANOMALY,Both,Trade exhibits both an elevated Mahalanobis distance (4.93 > 3.0) and an extreme volume spike (Z=3.22 > 3.0). This multivariate and volume divergence indicates potential irregular trading behavior.
TRD-105715,2026-09-30 14:26:00.723,TECH,207.72,11436,2375485.92,-0.066,1,volume_spike,19.6481,18.5451,True,True,True,POTENTIAL ANOMALY,Both,Trade exhibits both an elevated Mahalanobis distance (19.65 > 3.0) and an extreme volume spike (Z=18.55 > 3.0). This multivariate and volume divergence indicates potential irregular trading behavior.
TRD-105717,2026-09-30 14:26:09.919,TECH,202.12,368,74380.16,-5.56,1,price_shock,6.9794,0.2827,True,False,True,POTENTIAL ANOMALY,Mahalanobis Distance,"Mahalanobis distance (6.98) substantially exceeds the configured anomaly threshold (3.0). Joint feature relationships (price, quantity, volume, price change) deviate significantly from the normal covariance structure."
TRD-105720,2026-09-30 14:26:24.129,TECH,202.12,2737,553202.44,2.555,1,multivariate_break,5.3563,4.0828,True,True,True,POTENTIAL ANOMALY,Both,Trade exhibits both an elevated Mahalanobis distance (5.36 > 3.0) and an extreme volume spike (Z=4.08 > 3.0). This multivariate and volume divergence indicates potential irregular trading behavior.
TRD-105788,2026-09-30 14:29:44.803,PHARMA,178.63,82,14647.66,4.46,1,price_shock,5.592,-0.1913,True,False,True,POTENTIAL ANOMALY,Mahalanobis Distance,"Mahalanobis distance (5.59) substantially exceeds the configured anomaly threshold (3.0). Joint feature relationships (price, quantity, volume, price change) deviate significantly from the normal covariance structure."
TRD-105851,2026-09-30 14:33:05.237,AUTO,79.95,335,26783.25,-6.903,1,price_shock,8.5528,-0.095,True,False,True,POTENTIAL ANOMALY,Mahalanobis Distance,"Mahalanobis distance (8.55) substantially exceeds the configured anomaly threshold (3.0). Joint feature relationships (price, quantity, volume, price change) deviate significantly from the normal covariance structure."
TRD-105877,2026-09-30 14:34:42.931,TECH,197.54,5,987.7,-4.65,1,liquidity_vacuum,5.8916,-0.2997,True,False,True,POTENTIAL ANOMALY,Mahalanobis Distance,"Mahalanobis distance (5.89) substantially exceeds the configured anomaly threshold (3.0). Joint feature relationships (price, quantity, volume, price change) deviate significantly from the normal covariance structure."
TRD-105886,2026-09-30 14:35:16.248,AUTO,86.94,323,28081.62,6.94,1,price_shock,8.6035,-0.0847,True,False,True,POTENTIAL ANOMALY,Mahalanobis Distance,"Mahalanobis distance (8.60) substantially exceeds the configured anomaly threshold (3.0). Joint feature relationships (price, quantity, volume, price change) deviate significantly from the normal covariance structure."
TRD-105950,2026-09-30 14:39:39.938,AUTO,86.88,2908,252647.04,2.821,1,multivariate_break,5.025,1.6975,True,False,True,POTENTIAL ANOMALY,Mahalanobis Distance,"Mahalanobis distance (5.03) substantially exceeds the configured anomaly threshold (3.0). Joint feature relationships (price, quantity, volume, price change) deviate significantly from the normal covariance structure."
TRD-105983,2026-09-30 14:41:11.191,TECH,199.85,1,199.85,-2.773,1,liquidity_vacuum,3.6686,-0.306,True,False,True,POTENTIAL ANOMALY,Mahalanobis Distance,"Mahalanobis distance (3.67) substantially exceeds the configured anomaly threshold (3.0). Joint feature relationships (price, quantity, volume, price change) deviate significantly from the normal covariance structure."
TRD-106074,2026-09-30 14:44:54.099,TECH,195.15,118,23027.7,-7.052,1,price_shock,8.8015,-0.1248,True,False,True,POTENTIAL ANOMALY,Mahalanobis Distance,"Mahalanobis distance (8.80) substantially exceeds the configured anomaly threshold (3.0). Joint feature relationships (price, quantity, volume, price change) deviate significantly from the normal covariance structure."
TRD-106077,2026-09-30 14:45:00.235,TECH,199.82,2,399.64,4.606,1,liquidity_vacuum,5.8346,-0.3044,True,False,True,POTENTIAL ANOMALY,Mahalanobis Distance,"Mahalanobis distance (5.83) substantially exceeds the configured anomaly threshold (3.0). Joint feature relationships (price, quantity, volume, price change) deviate significantly from the normal covariance structure."
TRD-106079,2026-09-30 14:45:03.595,PHARMA,178.82,2566,458852.12,-2.452,1,multivariate_break,4.4938,3.334,True,True,True,POTENTIAL ANOMALY,Both,Trade exhibits both an elevated Mahalanobis distance (4.49 > 3.0) and an extreme volume spike (Z=3.33 > 3.0). This multivariate and volume divergence indicates potential irregular trading behavior.
TRD-106101,2026-09-30 14:46:14.558,BANK,48.72,2494,121507.68,1.998,1,multivariate_break,4.6916,0.6568,True,False,True,POTENTIAL ANOMALY,Mahalanobis Distance,"Mahalanobis distance (4.69) substantially exceeds the configured anomaly threshold (3.0). Joint feature relationships (price, quantity, volume, price change) deviate significantly from the normal covariance structure."
TRD-106108,2026-09-30 14:46:36.277,ENERGY,43.3,7619,329902.7,-0.001,1,volume_spike,13.8045,2.3107,True,False,True,POTENTIAL ANOMALY,Mahalanobis Distance,"Mahalanobis distance (13.80) substantially exceeds the configured anomaly threshold (3.0). Joint feature relationships (price, quantity, volume, price change) deviate significantly from the normal covariance structure."
TRD-106124,2026-09-30 14:47:36.583,TECH,198.84,370,73570.8,4.292,1,price_shock,5.4381,0.2763,True,False,True,POTENTIAL ANOMALY,Mahalanobis Distance,"Mahalanobis distance (5.44) substantially exceeds the configured anomaly threshold (3.0). Joint feature relationships (price, quantity, volume, price change) deviate significantly from the normal covariance structure."
TRD-106148,2026-09-30 14:48:47.343,ENERGY,43.06,10953,471636.18,-0.141,1,volume_spike,20.1753,3.4355,True,True,True,POTENTIAL ANOMALY,Both,Trade exhibits both an elevated Mahalanobis distance (20.18 > 3.0) and an extreme volume spike (Z=3.44 > 3.0). This multivariate and volume divergence indicates potential irregular trading behavior.
TRD-106189,2026-09-30 14:50:43.720,ENERGY,46.64,5,233.2,3.444,1,liquidity_vacuum,4.4539,-0.3057,True,False,True,POTENTIAL ANOMALY,Mahalanobis Distance,"Mahalanobis distance (4.45) substantially exceeds the configured anomaly threshold (3.0). Joint feature relationships (price, quantity, volume, price change) deviate significantly from the normal covariance structure."
TRD-106218,2026-09-30 14:52:04.111,TECH,198.72,2489,494614.08,-2.344,1,multivariate_break,4.7246,3.6179,True,True,True,POTENTIAL ANOMALY,Both,Trade exhibits both an elevated Mahalanobis distance (4.72 > 3.0) and an extreme volume spike (Z=3.62 > 3.0). This multivariate and volume divergence indicates potential irregular trading behavior.
TRD-106261,2026-09-30 14:54:04.210,BANK,56.73,236,13388.28,7.961,1,price_shock,9.8993,-0.2013,True,False,True,POTENTIAL ANOMALY,Mahalanobis Distance,"Mahalanobis distance (9.90) substantially exceeds the configured anomaly threshold (3.0). Joint feature relationships (price, quantity, volume, price change) deviate significantly from the normal covariance structure."
TRD-106303,2026-09-30 14:56:28.599,TECH,198.62,2443,485228.66,-3.012,1,multivariate_break,5.2101,3.5434,True,True,True,POTENTIAL ANOMALY,Both,Trade exhibits both an elevated Mahalanobis distance (5.21 > 3.0) and an extreme volume spike (Z=3.54 > 3.0). This multivariate and volume divergence indicates potential irregular trading behavior.
TRD-106306,2026-09-30 14:56:47.055,TECH,193.74,233,45141.42,-4.882,1,price_shock,6.1365,0.0507,True,False,True,POTENTIAL ANOMALY,Mahalanobis Distance,"Mahalanobis distance (6.14) substantially exceeds the configured anomaly threshold (3.0). Joint feature relationships (price, quantity, volume, price change) deviate significantly from the normal covariance structure."
TRD-106323,2026-09-30 14:57:38.529,AUTO,96.05,282,27086.1,8.683,1,price_shock,10.752,-0.0926,True,False,True,POTENTIAL ANOMALY,Mahalanobis Distance,"Mahalanobis distance (10.75) substantially exceeds the configured anomaly threshold (3.0). Joint feature relationships (price, quantity, volume, price change) deviate significantly from the normal covariance structure."
TRD-106353,2026-09-30 14:59:13.588,PHARMA,174.77,1,174.77,-4.061,1,liquidity_vacuum,5.1111,-0.3062,True,False,True,POTENTIAL ANOMALY,Mahalanobis Distance,"Mahalanobis distance (5.11) substantially exceeds the configured anomaly threshold (3.0). Joint feature relationships (price, quantity, volume, price change) deviate significantly from the normal covariance structure."
TRD-106386,2026-09-30 15:01:20.644,AUTO,99.48,5,497.4,3.543,1,liquidity_vacuum,4.4212,-0.3036,True,False,True,POTENTIAL ANOMALY,Mahalanobis Distance,"Mahalanobis distance (4.42) substantially exceeds the configured anomaly threshold (3.0). Joint feature relationships (price, quantity, volume, price change) deviate significantly from the normal covariance structure."
TRD-106399,2026-09-30 15:01:56.927,PHARMA,178.79,2428,434102.12,-2.713,1,multivariate_break,4.5807,3.1376,True,True,True,POTENTIAL ANOMALY,Both,Trade exhibits both an elevated Mahalanobis distance (4.58 > 3.0) and an extreme volume spike (Z=3.14 > 3.0). This multivariate and volume divergence indicates potential irregular trading behavior.
TRD-106443,2026-09-30 15:04:45.195,BANK,63.51,374,23752.74,6.573,1,price_shock,8.1769,-0.1191,True,False,True,POTENTIAL ANOMALY,Mahalanobis Distance,"Mahalanobis distance (8.18) substantially exceeds the configured anomaly threshold (3.0). Joint feature relationships (price, quantity, volume, price change) deviate significantly from the normal covariance structure."
TRD-106446,2026-09-30 15:04:51.242,TECH,193.9,8968,1738895.2,0.101,1,volume_spike,13.8928,13.4929,True,True,True,POTENTIAL ANOMALY,Both,Trade exhibits both an elevated Mahalanobis distance (13.89 > 3.0) and an extreme volume spike (Z=13.49 > 3.0). This multivariate and volume divergence indicates potential irregular trading behavior.
TRD-106511,2026-09-30 15:08:09.208,PHARMA,178.5,6716,1198806.0,-0.185,1,volume_spike,9.2672,9.2066,True,True,True,POTENTIAL ANOMALY,Both,Trade exhibits both an elevated Mahalanobis distance (9.27 > 3.0) and an extreme volume spike (Z=9.21 > 3.0). This multivariate and volume divergence indicates potential irregular trading behavior.
TRD-106528,2026-09-30 15:08:45.782,ENERGY,38.29,238,9113.02,-4.809,1,price_shock,6.0642,-0.2352,True,False,True,POTENTIAL ANOMALY,Mahalanobis Distance,"Mahalanobis distance (6.06) substantially exceeds the configured anomaly threshold (3.0). Joint feature relationships (price, quantity, volume, price change) deviate significantly from the normal covariance structure."
TRD-106609,2026-09-30 15:12:48.106,ENERGY,29.2,152,4438.4,-9.228,1,price_shock,11.4931,-0.2723,True,False,True,POTENTIAL ANOMALY,Mahalanobis Distance,"Mahalanobis distance (11.49) substantially exceeds the configured anomaly threshold (3.0). Joint feature relationships (price, quantity, volume, price change) deviate significantly from the normal covariance structure."
TRD-106681,2026-09-30 15:17:06.124,TECH,202.19,258,52165.02,7.956,1,price_shock,9.9164,0.1064,True,False,True,POTENTIAL ANOMALY,Mahalanobis Distance,"Mahalanobis distance (9.92) substantially exceeds the configured anomaly threshold (3.0). Joint feature relationships (price, quantity, volume, price change) deviate significantly from the normal covariance structure."
TRD-106737,2026-09-30 15:19:44.310,TECH,201.74,7932,1600201.68,0.007,1,volume_spike,12.9323,12.3922,True,True,True,POTENTIAL ANOMALY,Both,Trade exhibits both an elevated Mahalanobis distance (12.93 > 3.0) and an extreme volume spike (Z=12.39 > 3.0). This multivariate and volume divergence indicates potential irregular trading behavior.
TRD-106769,2026-09-30 15:21:27.097,ENERGY,29.3,11909,348933.7,0.155,1,volume_spike,24.1403,2.4617,True,False,True,POTENTIAL ANOMALY,Mahalanobis Distance,"Mahalanobis distance (24.14) substantially exceeds the configured anomaly threshold (3.0). Joint feature relationships (price, quantity, volume, price change) deviate significantly from the normal covariance structure."
TRD-106807,2026-09-30 15:24:03.421,AUTO,93.01,2,186.02,-3.035,1,liquidity_vacuum,3.8052,-0.3061,True,False,True,POTENTIAL ANOMALY,Mahalanobis Distance,"Mahalanobis distance (3.81) substantially exceeds the configured anomaly threshold (3.0). Joint feature relationships (price, quantity, volume, price change) deviate significantly from the normal covariance structure."
TRD-106811,2026-09-30 15:24:12.546,BANK,63.42,5595,354834.9,-0.135,1,volume_spike,8.65,2.5085,True,False,True,POTENTIAL ANOMALY,Mahalanobis Distance,"Mahalanobis distance (8.65) substantially exceeds the configured anomaly threshold (3.0). Joint feature relationships (price, quantity, volume, price change) deviate significantly from the normal covariance structure."
TRD-106812,2026-09-30 15:24:13.421,TECH,202.39,3044,616075.16,-2.959,1,multivariate_break,5.979,4.5818,True,True,True,POTENTIAL ANOMALY,Both,Trade exhibits both an elevated Mahalanobis distance (5.98 > 3.0) and an extreme volume spike (Z=4.58 > 3.0). This multivariate and volume divergence indicates potential irregular trading behavior.
TRD-106839,2026-09-30 15:25:13.520,TECH,206.94,1,206.94,4.492,1,liquidity_vacuum,5.7216,-0.3059,True,False,True,POTENTIAL ANOMALY,Mahalanobis Distance,"Mahalanobis distance (5.72) substantially exceeds the configured anomaly threshold (3.0). Joint feature relationships (price, quantity, volume, price change) deviate significantly from the normal covariance structure."
TRD-106849,2026-09-30 15:25:46.756,PHARMA,181.79,5,908.95,3.461,1,liquidity_vacuum,4.3962,-0.3004,True,False,True,POTENTIAL ANOMALY,Mahalanobis Distance,"Mahalanobis distance (4.40) substantially exceeds the configured anomaly threshold (3.0). Joint feature relationships (price, quantity, volume, price change) deviate significantly from the normal covariance structure."
TRD-106851,2026-09-30 15:25:59.538,TECH,202.39,2045,413887.55,-2.956,1,multivariate_break,4.8041,2.9772,True,False,True,POTENTIAL ANOMALY,Mahalanobis Distance,"Mahalanobis distance (4.80) substantially exceeds the configured anomaly threshold (3.0). Joint feature relationships (price, quantity, volume, price change) deviate significantly from the normal covariance structure."
TRD-106875,2026-09-30 15:27:02.426,AUTO,95.9,2617,250970.3,-2.67,1,multivariate_break,4.4562,1.6842,True,False,True,POTENTIAL ANOMALY,Mahalanobis Distance,"Mahalanobis distance (4.46) substantially exceeds the configured anomaly threshold (3.0). Joint feature relationships (price, quantity, volume, price change) deviate significantly from the normal covariance structure."
TRD-106890,2026-09-30 15:28:13.403,TECH,194.01,122,23669.22,-8.539,1,price_shock,10.6258,-0.1197,True,False,True,POTENTIAL ANOMALY,Mahalanobis Distance,"Mahalanobis distance (10.63) substantially exceeds the configured anomaly threshold (3.0). Joint feature relationships (price, quantity, volume, price change) deviate significantly from the normal covariance structure."
TRD-107002,2026-09-30 15:34:32.680,AUTO,96.21,10281,989135.01,-0.056,1,volume_spike,13.2292,7.5425,True,True,True,POTENTIAL ANOMALY,Both,Trade exhibits both an elevated Mahalanobis distance (13.23 > 3.0) and an extreme volume spike (Z=7.54 > 3.0). This multivariate and volume divergence indicates potential irregular trading behavior.
TRD-107023,2026-09-30 15:35:37.059,PHARMA,175.6,5,878.0,-2.554,1,liquidity_vacuum,3.2971,-0.3006,True,False,True,POTENTIAL ANOMALY,Mahalanobis Distance,"Mahalanobis distance (3.30) substantially exceeds the configured anomaly threshold (3.0). Joint feature relationships (price, quantity, volume, price change) deviate significantly from the normal covariance structure."
TRD-107056,2026-09-30 15:37:15.592,TECH,189.69,325,61649.25,-3.627,1,price_shock,4.5993,0.1817,True,False,True,POTENTIAL ANOMALY,Mahalanobis Distance,"Mahalanobis distance (4.60) substantially exceeds the configured anomaly threshold (3.0). Joint feature relationships (price, quantity, volume, price change) deviate significantly from the normal covariance structure."
TRD-107071,2026-09-30 15:38:04.314,TECH,184.86,1,184.86,-4.768,1,liquidity_vacuum,5.9982,-0.3061,True,False,True,POTENTIAL ANOMALY,Mahalanobis Distance,"Mahalanobis distance (6.00) substantially exceeds the configured anomaly threshold (3.0). Joint feature relationships (price, quantity, volume, price change) deviate significantly from the normal covariance structure."
TRD-107160,2026-09-30 15:42:23.847,BANK,67.65,2,135.3,4.132,1,liquidity_vacuum,5.2082,-0.3065,True,False,True,POTENTIAL ANOMALY,Mahalanobis Distance,"Mahalanobis distance (5.21) substantially exceeds the configured anomaly threshold (3.0). Joint feature relationships (price, quantity, volume, price change) deviate significantly from the normal covariance structure."
TRD-107197,2026-09-30 15:44:20.789,TECH,189.94,7745,1471085.3,-0.063,1,volume_spike,11.6128,11.3675,True,True,True,POTENTIAL ANOMALY,Both,Trade exhibits both an elevated Mahalanobis distance (11.61 > 3.0) and an extreme volume spike (Z=11.37 > 3.0). This multivariate and volume divergence indicates potential irregular trading behavior.
TRD-107359,2026-09-30 15:52:10.957,BANK,63.78,4691,299191.98,0.177,1,volume_spike,7.146,2.0669,True,False,True,POTENTIAL ANOMALY,Mahalanobis Distance,"Mahalanobis distance (7.15) substantially exceeds the configured anomaly threshold (3.0). Joint feature relationships (price, quantity, volume, price change) deviate significantly from the normal covariance structure."
TRD-107383,2026-09-30 15:53:34.402,TECH,190.64,13115,2500243.6,-0.088,1,volume_spike,20.0524,19.5352,True,True,True,POTENTIAL ANOMALY,Both,Trade exhibits both an elevated Mahalanobis distance (20.05 > 3.0) and an extreme volume spike (Z=19.54 > 3.0). This multivariate and volume divergence indicates potential irregular trading behavior.
TRD-107440,2026-09-30 15:56:21.892,PHARMA,177.98,7571,1347486.58,0.153,1,volume_spike,10.465,10.3865,True,True,True,POTENTIAL ANOMALY,Both,Trade exhibits both an elevated Mahalanobis distance (10.46 > 3.0) and an extreme volume spike (Z=10.39 > 3.0). This multivariate and volume divergence indicates potential irregular trading behavior.
